{"stats":{"minecraft:killed":{"minecraft:skeleton":3,"minecraft:zombie":2,"iceandfire:troll":1,"minecraft:spider":2},"minecraft:custom":{"minecraft:time_since_rest":21595,"minecraft:interact_with_furnace":3,"minecraft:sprint_one_cm":38365,"minecraft:damage_taken":677,"minecraft:walk_one_cm":28828,"minecraft:damage_blocked_by_shield":760,"minecraft:mob_kills":8,"minecraft:drop":3,"minecraft:damage_dealt":2195,"minecraft:damage_dealt_absorbed":79,"minecraft:swim_one_cm":4199,"minecraft:interact_with_crafting_table":3,"minecraft:fly_one_cm":31762,"minecraft:open_chest":10,"minecraft:crouch_one_cm":2012,"minecraft:play_one_minute":21595,"tombstone:undead_killed":5,"minecraft:sneak_time":919,"minecraft:walk_under_water_one_cm":4640,"minecraft:damage_dealt_resisted":1001,"minecraft:jump":232,"minecraft:leave_game":1,"minecraft:walk_on_water_one_cm":6537,"minecraft:time_since_death":21595,"minecraft:fall_one_cm":5439},"minecraft:mined":{"minecraft:diamond_ore":9,"minecraft:iron_ore":30,"quark:smooth_basalt":1,"quark:deepslate":38,"create:gabbro":1,"minecraft:cobblestone":1,"minecraft:stone":19,"minecraft:red_mushroom":1,"minecraft:gold_ore":19},"minecraft:used":{"mahoutsukai:mahoujin_projector":1,"minecraft:water_bucket":8,"minecraft:diamond_pickaxe":119,"quark:cobbled_deepslate":5,"minecraft:iron_pickaxe":1,"minecraft:shield":28,"minecraft:iron_sword":66,"minecraft:torch":1,"minecraft:cobblestone":20,"create:gabbro_cobblestone":1,"minecraft:carrot":28,"minecraft:bucket":8},"minecraft:crafted":{"minecraft:iron_boots":1,"minecraft:iron_chestplate":1,"minecraft:shield":1,"minecraft:stick":4,"minecraft:iron_helmet":1,"tconstruct:seared_brick":4,"minecraft:iron_sword":1,"minecraft:iron_leggings":1,"minecraft:air":0},"minecraft:dropped":{"quark:smooth_basalt":1,"minecraft:bone":4},"minecraft:picked_up":{"minecraft:water_bucket":1,"minecraft:torch":1,"tombstone:grave_dust":2,"create:gabbro_cobblestone":1,"minecraft:carrot":70,"minecraft:gold_ore":19,"minecraft:string":1,"quark:cobbled_deepslate":34,"minecraft:bone":4,"minecraft:arrow":4,"minecraft:diamond":9,"quark:smooth_basalt":1,"minecraft:spruce_planks":27,"minecraft:iron_ore":30,"minecraft:iron_sword":1,"minecraft:cobblestone":21,"minecraft:diamond_pickaxe":1}},"DataVersion":2586}