{"stats":{"minecraft:killed":{"iceandfire:troll":1,"minecraft:spider":6,"minecraft:skeleton":3,"minecraft:zombie":2},"minecraft:custom":{"minecraft:interact_with_furnace":29,"minecraft:mob_kills":12,"minecraft:interact_with_anvil":1,"minecraft:interact_with_crafting_table":18,"minecraft:play_one_minute":49420,"minecraft:damage_dealt_resisted":1001,"minecraft:leave_game":1,"minecraft:time_since_death":49420,"minecraft:time_since_rest":49420,"minecraft:sprint_one_cm":97192,"minecraft:damage_taken":810,"minecraft:walk_one_cm":55494,"minecraft:damage_blocked_by_shield":760,"minecraft:trigger_trapped_chest":1,"minecraft:drop":7,"minecraft:damage_dealt":3021,"minecraft:damage_dealt_absorbed":79,"minecraft:swim_one_cm":6060,"minecraft:fly_one_cm":116805,"minecraft:open_chest":41,"minecraft:crouch_one_cm":2484,"tombstone:undead_killed":5,"minecraft:sneak_time":1320,"minecraft:walk_under_water_one_cm":6456,"minecraft:boat_one_cm":336,"minecraft:jump":687,"minecraft:walk_on_water_one_cm":8077,"minecraft:fall_one_cm":12607},"minecraft:mined":{"minecraft:diamond_ore":9,"tetra:scroll_rolled":1,"ironfurnaces:iron_furnace":1,"minecraft:emerald_ore":2,"minecraft:cobblestone":1,"minecraft:spruce_leaves":20,"minecraft:red_mushroom":1,"minecraft:large_fern":1,"minecraft:furnace":1,"minecraft:iron_ore":36,"minecraft:sweet_berry_bush":2,"minecraft:spruce_log":24,"quark:smooth_basalt":1,"quark:deepslate":38,"minecraft:coal_ore":15,"create:gabbro":1,"minecraft:stone":29,"minecraft:gold_ore":21},"minecraft:picked_up":{"minecraft:water_bucket":1,"minecraft:enchanted_book":1,"create:gabbro_cobblestone":1,"minecraft:string":5,"tconstruct:seared_brick":50,"tetra:scroll_rolled":1,"minecraft:bone":4,"minecraft:spruce_planks":56,"minecraft:iron_ore":36,"minecraft:iron_sword":1,"ironfurnaces:iron_furnace":1,"minecraft:furnace":1,"minecraft:sweet_berries":4,"minecraft:torch":1,"tombstone:grave_dust":2,"minecraft:spruce_log":24,"minecraft:carrot":70,"minecraft:gold_ore":35,"quark:cobbled_deepslate":34,"minecraft:arrow":4,"minecraft:diamond":9,"minecraft:spruce_boat":1,"quark:smooth_basalt":1,"minecraft:emerald":4,"minecraft:baked_potato":48,"minecraft:coal":41,"minecraft:cobblestone":31,"minecraft:diamond_pickaxe":1},"minecraft:used":{"mahoutsukai:mahoujin_projector":1,"minecraft:water_bucket":15,"quark:cobbled_deepslate":9,"minecraft:baked_potato":4,"minecraft:shield":28,"minecraft:iron_sword":83,"minecraft:torch":1,"ironfurnaces:diamond_furnace":1,"minecraft:carrot":36,"tetra:scroll_rolled":1,"minecraft:spruce_boat":1,"minecraft:diamond_pickaxe":151,"minecraft:iron_axe":44,"minecraft:iron_pickaxe":6,"ironfurnaces:iron_furnace":1,"minecraft:cobblestone":20,"create:gabbro_cobblestone":1,"minecraft:furnace":1,"minecraft:bucket":14},"minecraft:crafted":{"sophisticatedbackpacks:backpack":1,"ironfurnaces:gold_furnace":1,"minecraft:crafting_table":1,"minecraft:spruce_planks":96,"minecraft:iron_helmet":1,"minecraft:iron_sword":1,"minecraft:furnace":1,"ironfurnaces:iron_furnace":1,"sophisticatedbackpacks:gold_backpack":1,"minecraft:gold_block":1,"sophisticatedbackpacks:crafting_upgrade":1,"ironfurnaces:diamond_furnace":1,"sophisticatedbackpacks:upgrade_base":1,"minecraft:air":0,"minecraft:iron_boots":1,"minecraft:iron_chestplate":1,"minecraft:shield":1,"sophisticatedbackpacks:diamond_backpack":1,"minecraft:stick":4,"minecraft:iron_ingot":0,"tconstruct:seared_brick":104,"minecraft:iron_leggings":1,"minecraft:gold_ingot":11,"minecraft:spruce_boat":1,"quark:spruce_chest":2,"sophisticatedbackpacks:iron_backpack":1},"minecraft:dropped":{"minecraft:sweet_berries":4,"quark:smooth_basalt":1,"minecraft:diamond_pickaxe":1,"minecraft:arrow":4,"minecraft:bucket":1,"minecraft:bone":4}},"DataVersion":2586}