{"stats":{"minecraft:killed":{"iceandfire:troll":1,"minecraft:spider":7,"minecraft:skeleton":9,"minecraft:zombie":2,"iceandfire:ghost":3},"minecraft:custom":{"minecraft:interact_with_furnace":29,"minecraft:mob_kills":22,"minecraft:interact_with_anvil":1,"minecraft:interact_with_crafting_table":18,"minecraft:play_one_minute":79420,"minecraft:damage_dealt_resisted":1001,"minecraft:leave_game":1,"minecraft:time_since_death":79420,"minecraft:sleep_in_bed":2,"minecraft:climb_one_cm":1434,"minecraft:time_since_rest":15733,"minecraft:sprint_one_cm":181800,"minecraft:damage_taken":1663,"minecraft:walk_one_cm":83322,"minecraft:damage_blocked_by_shield":1340,"minecraft:trigger_trapped_chest":1,"minecraft:drop":11,"minecraft:damage_dealt":4867,"minecraft:damage_dealt_absorbed":79,"minecraft:swim_one_cm":16839,"minecraft:fly_one_cm":286146,"minecraft:open_chest":53,"minecraft:crouch_one_cm":3888,"tombstone:undead_killed":14,"minecraft:sneak_time":2646,"minecraft:walk_under_water_one_cm":17725,"minecraft:boat_one_cm":597,"minecraft:jump":1451,"minecraft:walk_on_water_one_cm":18779,"minecraft:fall_one_cm":31738},"minecraft:mined":{"minecraft:diamond_ore":9,"minecraft:spruce_planks":67,"tetra:scroll_rolled":1,"ironfurnaces:iron_furnace":1,"minecraft:emerald_ore":2,"minecraft:cobblestone":3,"minecraft:spruce_leaves":20,"minecraft:oak_planks":1,"minecraft:red_mushroom":1,"minecraft:large_fern":1,"minecraft:hay_block":33,"minecraft:furnace":1,"tconstruct:sky_earth_slime_grass":1,"minecraft:iron_ore":36,"minecraft:sweet_berry_bush":2,"minecraft:spruce_log":24,"tconstruct:earth_slime_dirt":9,"quark:smooth_basalt":1,"quark:deepslate":38,"minecraft:bookshelf":12,"minecraft:grass":1,"minecraft:coal_ore":15,"create:gabbro":1,"minecraft:sunflower":1,"tconstruct:earth_congealed_slime":15,"minecraft:stone":29,"minecraft:gold_ore":21,"tconstruct:sky_congealed_slime":8},"minecraft:picked_up":{"minecraft:water_bucket":1,"minecraft:enchanted_book":1,"minecraft:lily_pad":4,"iceandfire:ectoplasm":1,"create:gabbro_cobblestone":1,"minecraft:string":5,"tconstruct:earth_slime_dirt":10,"tconstruct:seared_brick":50,"tetra:scroll_rolled":1,"minecraft:bone":11,"minecraft:bow":1,"minecraft:spruce_planks":123,"minecraft:iron_ore":36,"tombstone:bag_of_seeds":1,"minecraft:oak_planks":1,"minecraft:iron_sword":1,"ironfurnaces:iron_furnace":1,"minecraft:furnace":1,"minecraft:book":36,"minecraft:sweet_berries":4,"minecraft:torch":1,"tombstone:grave_dust":4,"minecraft:spruce_log":24,"minecraft:carrot":70,"minecraft:gold_ore":35,"minecraft:spider_eye":1,"tconstruct:sky_slime_ball":32,"quark:cobbled_deepslate":34,"minecraft:arrow":8,"minecraft:slime_ball":56,"minecraft:diamond":9,"minecraft:spruce_boat":2,"quark:smooth_basalt":1,"minecraft:hay_block":33,"minecraft:emerald":4,"minecraft:baked_potato":48,"minecraft:coal":41,"minecraft:cobblestone":33,"minecraft:diamond_pickaxe":1},"minecraft:used":{"mahoutsukai:mahoujin_projector":1,"minecraft:water_bucket":41,"quark:cobbled_deepslate":9,"minecraft:baked_potato":24,"minecraft:spruce_planks":67,"minecraft:shield":46,"minecraft:iron_sword":130,"minecraft:torch":1,"ironfurnaces:diamond_furnace":1,"minecraft:carrot":36,"tetra:scroll_rolled":1,"tombstone:bag_of_seeds":2,"minecraft:spruce_boat":2,"minecraft:diamond_pickaxe":151,"minecraft:iron_axe":124,"minecraft:iron_pickaxe":9,"ironfurnaces:iron_furnace":1,"minecraft:cobblestone":22,"tconstruct:sky_slime_bucket":1,"create:gabbro_cobblestone":1,"minecraft:furnace":1,"minecraft:bucket":42,"tombstone:gift":2,"tconstruct:earth_slime_dirt":2},"minecraft:crafted":{"sophisticatedbackpacks:backpack":1,"ironfurnaces:gold_furnace":1,"minecraft:crafting_table":1,"minecraft:spruce_planks":96,"minecraft:iron_helmet":1,"minecraft:iron_sword":1,"minecraft:furnace":1,"ironfurnaces:iron_furnace":1,"sophisticatedbackpacks:gold_backpack":1,"minecraft:gold_block":1,"minecraft:bucket":1,"sophisticatedbackpacks:crafting_upgrade":1,"ironfurnaces:diamond_furnace":1,"sophisticatedbackpacks:upgrade_base":1,"minecraft:bread":99,"minecraft:air":0,"minecraft:iron_boots":1,"minecraft:iron_chestplate":1,"minecraft:shield":1,"sophisticatedbackpacks:diamond_backpack":1,"minecraft:stick":4,"minecraft:iron_ingot":0,"tconstruct:seared_brick":104,"minecraft:iron_leggings":1,"minecraft:gold_ingot":11,"minecraft:spruce_boat":1,"quark:spruce_chest":2,"minecraft:wheat":297,"sophisticatedbackpacks:iron_backpack":1},"minecraft:dropped":{"minecraft:sweet_berries":4,"tconstruct:earth_slime_dirt":8,"iceandfire:ectoplasm":1,"quark:smooth_basalt":1,"minecraft:diamond_pickaxe":1,"minecraft:spider_eye":1,"minecraft:arrow":4,"minecraft:lily_pad":4,"minecraft:bucket":1,"minecraft:bone":4}},"DataVersion":2586}