{"stats":{"minecraft:killed":{"iceandfire:troll":1,"minecraft:spider":6,"minecraft:skeleton":3,"minecraft:zombie":2},"minecraft:custom":{"minecraft:interact_with_furnace":26,"minecraft:interact_with_anvil":1,"minecraft:mob_kills":12,"minecraft:interact_with_crafting_table":14,"minecraft:play_one_minute":33595,"minecraft:damage_dealt_resisted":1001,"minecraft:leave_game":1,"minecraft:time_since_death":33595,"minecraft:time_since_rest":33595,"minecraft:sprint_one_cm":58863,"minecraft:damage_taken":791,"minecraft:walk_one_cm":43832,"minecraft:damage_blocked_by_shield":760,"minecraft:drop":6,"minecraft:damage_dealt":2900,"minecraft:damage_dealt_absorbed":79,"minecraft:swim_one_cm":5676,"minecraft:fly_one_cm":65857,"minecraft:open_chest":32,"minecraft:crouch_one_cm":2089,"tombstone:undead_killed":5,"minecraft:sneak_time":986,"minecraft:walk_under_water_one_cm":6405,"minecraft:jump":411,"minecraft:walk_on_water_one_cm":6814,"minecraft:fall_one_cm":8748},"minecraft:mined":{"minecraft:diamond_ore":9,"tetra:scroll_rolled":1,"ironfurnaces:iron_furnace":1,"minecraft:cobblestone":1,"minecraft:red_mushroom":1,"minecraft:furnace":1,"minecraft:iron_ore":36,"quark:smooth_basalt":1,"quark:deepslate":38,"create:gabbro":1,"minecraft:coal_ore":15,"minecraft:stone":29,"minecraft:gold_ore":21},"minecraft:used":{"mahoutsukai:mahoujin_projector":1,"minecraft:water_bucket":15,"quark:cobbled_deepslate":5,"minecraft:baked_potato":1,"minecraft:shield":28,"minecraft:iron_sword":80,"minecraft:torch":1,"ironfurnaces:diamond_furnace":1,"minecraft:carrot":36,"tetra:scroll_rolled":1,"minecraft:diamond_pickaxe":151,"minecraft:iron_pickaxe":4,"ironfurnaces:iron_furnace":1,"minecraft:cobblestone":20,"create:gabbro_cobblestone":1,"minecraft:furnace":1,"minecraft:bucket":14},"minecraft:crafted":{"sophisticatedbackpacks:backpack":1,"ironfurnaces:gold_furnace":1,"minecraft:iron_helmet":1,"minecraft:iron_sword":1,"minecraft:furnace":1,"ironfurnaces:iron_furnace":1,"sophisticatedbackpacks:gold_backpack":1,"minecraft:gold_block":1,"ironfurnaces:diamond_furnace":1,"minecraft:air":0,"minecraft:iron_boots":1,"minecraft:iron_chestplate":1,"minecraft:shield":1,"sophisticatedbackpacks:diamond_backpack":1,"minecraft:stick":4,"minecraft:iron_ingot":0,"tconstruct:seared_brick":4,"minecraft:iron_leggings":1,"minecraft:gold_ingot":11,"quark:spruce_chest":1,"sophisticatedbackpacks:iron_backpack":1},"minecraft:dropped":{"quark:smooth_basalt":1,"minecraft:diamond_pickaxe":1,"minecraft:arrow":4,"minecraft:bucket":1,"minecraft:bone":4},"minecraft:picked_up":{"minecraft:water_bucket":1,"minecraft:enchanted_book":1,"create:gabbro_cobblestone":1,"minecraft:string":5,"minecraft:bone":4,"tetra:scroll_rolled":1,"minecraft:spruce_planks":56,"minecraft:iron_ore":36,"minecraft:iron_sword":1,"ironfurnaces:iron_furnace":1,"minecraft:furnace":1,"minecraft:torch":1,"tombstone:grave_dust":2,"minecraft:carrot":70,"minecraft:gold_ore":35,"quark:cobbled_deepslate":34,"minecraft:arrow":4,"minecraft:diamond":9,"quark:smooth_basalt":1,"minecraft:baked_potato":48,"minecraft:coal":41,"minecraft:cobblestone":31,"minecraft:diamond_pickaxe":1}},"DataVersion":2586}