{"stats":{"minecraft:mined":{"minecraft:white_bed":1,"iceandfire:silver_ore":8,"minecraft:oak_door":3,"minecraft:crafting_table":2,"minecraft:torch":5,"minecraft:grass_block":39,"minecraft:poppy":3,"minecraft:tall_grass":38,"minecraft:cobblestone":9,"minecraft:wall_torch":6,"minecraft:hay_block":6,"minecraft:birch_planks":3,"minecraft:furnace":1,"minecraft:iron_ore":44,"minecraft:wheat":2,"create:copper_ore":1,"minecraft:azure_bluet":1,"minecraft:grass":361,"minecraft:oak_log":98,"minecraft:potatoes":1,"minecraft:coal_ore":78,"iceandfire:silver_pile":1,"minecraft:dirt":6,"minecraft:stone":65,"minecraft:gold_ore":6,"minecraft:oak_leaves":66},"minecraft:crafted":{"minecraft:oak_door":3,"minecraft:oak_planks":156,"minecraft:fishing_rod":1,"minecraft:crafting_table":3,"minecraft:iron_helmet":1,"minecraft:wooden_pickaxe":1,"minecraft:furnace":1,"minecraft:bone_meal":18,"minecraft:bucket":1,"minecraft:stone_axe":1,"minecraft:bread":20,"minecraft:air":0,"minecraft:iron_boots":1,"minecraft:iron_chestplate":1,"minecraft:shield":1,"minecraft:iron_axe":1,"quark:oak_chest":2,"minecraft:stick":32,"minecraft:iron_ingot":44,"minecraft:iron_pickaxe":1,"minecraft:stone_pickaxe":1,"minecraft:iron_shovel":1,"minecraft:iron_leggings":1,"minecraft:torch":28,"minecraft:stone_hoe":1,"minecraft:shears":1,"minecraft:wheat":54},"minecraft:broken":{"minecraft:stone_pickaxe":1,"minecraft:stone_axe":1},"minecraft:killed":{"minecraft:skeleton":4,"minecraft:zombie":1},"minecraft:used":{"minecraft:wheat_seeds":38,"minecraft:water_bucket":6,"minecraft:iron_shovel":14,"minecraft:birch_planks":2,"minecraft:stone_pickaxe":133,"minecraft:oak_planks":90,"minecraft:wooden_pickaxe":3,"minecraft:stone_hoe":43,"minecraft:rotten_flesh":2,"minecraft:oak_door":6,"minecraft:torch":45,"minecraft:dirt":57,"minecraft:crafting_table":5,"minecraft:white_bed":1,"minecraft:cod":1,"minecraft:oak_log":18,"minecraft:apple":3,"minecraft:iron_axe":59,"minecraft:bread":12,"minecraft:iron_pickaxe":79,"quark:root_item":1,"minecraft:stone_axe":116,"minecraft:fishing_rod":1,"minecraft:cobblestone":94,"minecraft:oak_sapling":2,"minecraft:furnace":2,"minecraft:bucket":7,"quark:oak_chest":2,"minecraft:potato":1,"minecraft:bone_meal":18},"minecraft:picked_up":{"minecraft:wheat":7,"minecraft:crafting_table":2,"minecraft:azure_bluet":1,"minecraft:potato":1,"minecraft:birch_planks":2,"minecraft:oak_log":94,"minecraft:string":10,"minecraft:dirt":66,"minecraft:bone":6,"create:copper_ore":1,"minecraft:bow":1,"minecraft:wheat_seeds":51,"minecraft:iron_ingot":5,"minecraft:iron_ore":44,"minecraft:poppy":3,"quark:root_item":1,"minecraft:furnace":1,"minecraft:stick":11,"minecraft:oak_door":3,"minecraft:oak_fence":2,"minecraft:torch":9,"iceandfire:silver_ore":16,"minecraft:white_bed":1,"minecraft:gold_ore":6,"minecraft:arrow":7,"minecraft:rotten_flesh":2,"minecraft:hay_block":6,"minecraft:bread":1,"minecraft:oak_sapling":3,"minecraft:cod":1,"iceandfire:silver_nugget":2,"minecraft:coal":78,"minecraft:cobblestone":163},"minecraft:dropped":{"iceandfire:silver_nugget":2,"minecraft:bread":11,"minecraft:wheat_seeds":1,"minecraft:azure_bluet":1,"minecraft:golden_apple":1,"minecraft:wooden_pickaxe":1},"minecraft:custom":{"minecraft:interact_with_furnace":9,"minecraft:mob_kills":5,"minecraft:interact_with_crafting_table":24,"minecraft:play_one_minute":59165,"minecraft:time_since_death":55102,"minecraft:sleep_in_bed":3,"minecraft:time_since_rest":8560,"minecraft:sprint_one_cm":150802,"minecraft:damage_taken":870,"minecraft:walk_one_cm":172073,"minecraft:drop":17,"minecraft:damage_dealt":1049,"minecraft:swim_one_cm":1960,"minecraft:fly_one_cm":137862,"minecraft:open_chest":11,"minecraft:crouch_one_cm":6799,"minecraft:deaths":1,"minecraft:sneak_time":1811,"minecraft:walk_under_water_one_cm":13460,"minecraft:jump":935,"minecraft:walk_on_water_one_cm":4939,"minecraft:fish_caught":1,"minecraft:fall_one_cm":28318}},"DataVersion":2586}