{"stats":{"minecraft:custom":{"minecraft:mob_kills":30,"minecraft:interact_with_crafting_table":37,"minecraft:leave_game":2,"minecraft:time_since_death":17160,"minecraft:sprint_one_cm":267092,"minecraft:walk_one_cm":374190,"minecraft:damage_blocked_by_shield":80,"minecraft:drop":155,"minecraft:deaths":4,"minecraft:sneak_time":11818,"minecraft:walk_under_water_one_cm":155947,"minecraft:jump":2225,"minecraft:walk_on_water_one_cm":59523,"minecraft:interact_with_furnace":25,"minecraft:play_one_minute":155764,"minecraft:sleep_in_bed":6,"minecraft:time_since_rest":17213,"minecraft:damage_taken":2147483647,"minecraft:damage_dealt":5172,"minecraft:swim_one_cm":45743,"minecraft:fly_one_cm":265969,"minecraft:open_chest":39,"minecraft:crouch_one_cm":62411,"minecraft:fish_caught":17,"minecraft:fall_one_cm":65989},"minecraft:broken":{"minecraft:iron_shovel":1,"minecraft:stone_pickaxe":1,"minecraft:stone_axe":1,"minecraft:iron_pickaxe":3},"minecraft:used":{"minecraft:iron_shovel":314,"minecraft:shield":2,"minecraft:cooked_salmon":4,"minecraft:stone_hoe":43,"minecraft:rotten_flesh":5,"minecraft:oak_door":6,"minecraft:torch":45,"minecraft:dirt":62,"minecraft:snowball":3,"alexsmobs:maggot":1,"minecraft:iron_axe":176,"minecraft:bow":13,"minecraft:furnace":2,"minecraft:oak_sapling":2,"minecraft:cooked_cod":5,"minecraft:potato":49,"minecraft:wheat_seeds":61,"minecraft:water_bucket":55,"minecraft:birch_planks":2,"minecraft:stone_pickaxe":133,"minecraft:oak_planks":90,"minecraft:wooden_pickaxe":3,"minecraft:composter":1,"minecraft:oak_slab":10,"minecraft:crafting_table":5,"minecraft:white_bed":1,"minecraft:cod":1,"minecraft:oak_log":18,"minecraft:apple":3,"minecraft:bread":20,"minecraft:iron_pickaxe":744,"quark:root_item":1,"minecraft:gravel":5,"minecraft:pufferfish":2,"minecraft:stone_axe":116,"minecraft:fishing_rod":23,"minecraft:cobblestone":499,"minecraft:bucket":56,"quark:oak_chest":7,"minecraft:bone_meal":47},"minecraft:killed_by":{"minecraft:player":1},"minecraft:picked_up":{"minecraft:crafting_table":2,"minecraft:iron_chestplate":3,"minecraft:wheat":55,"minecraft:azure_bluet":1,"minecraft:shield":3,"minecraft:string":18,"minecraft:iron_axe":4,"minecraft:iron_leggings":3,"minecraft:pufferfish":4,"minecraft:iron_shovel":3,"quark:root_item":1,"minecraft:poppy":3,"minecraft:iron_pickaxe":3,"minecraft:iron_boots":3,"minecraft:furnace":1,"minecraft:stick":56,"minecraft:oak_door":3,"minecraft:oak_fence":2,"minecraft:torch":117,"iceandfire:silver_ore":16,"minecraft:arrow":13,"minecraft:rotten_flesh":5,"minecraft:cooked_cod":2,"minecraft:hay_block":6,"minecraft:red_tulip":3,"minecraft:cod":6,"minecraft:snowball":222,"minecraft:cobblestone":1850,"minecraft:water_bucket":3,"minecraft:salmon":11,"minecraft:potato":46,"minecraft:birch_planks":2,"minecraft:flint":3,"minecraft:oak_log":116,"iceandfire:ectoplasm":3,"minecraft:gunpowder":8,"minecraft:dirt":378,"minecraft:leather_boots":3,"minecraft:bone":16,"create:copper_ore":1,"minecraft:bow":2,"minecraft:wheat_seeds":157,"minecraft:iron_ingot":15,"minecraft:iron_ore":44,"minecraft:oak_planks":395,"minecraft:oak_slab":69,"minecraft:gravel":13,"minecraft:grass_block":3,"quark:oak_chest":3,"minecraft:white_bed":1,"minecraft:gold_ore":6,"minecraft:spider_eye":3,"minecraft:iron_helmet":3,"minecraft:bone_meal":2,"minecraft:bread":5,"alexsmobs:maggot":1,"iceandfire:gorgon_head":1,"minecraft:oak_sapling":3,"iceandfire:silver_nugget":2,"minecraft:coal":142},"minecraft:killed":{"mca:female_zombie_villager":1,"minecraft:spider":3,"minecraft:skeleton":11,"minecraft:creeper":3,"minecraft:sheep":1,"minecraft:zombie":8,"iceandfire:ghost":1,"alexsmobs:fly":1,"alexsmobs:crow":1,"minecraft:enderman":1},"minecraft:dropped":{"minecraft:bread":15,"minecraft:wheat_seeds":13,"iceandfire:gorgon_head":1,"minecraft:golden_apple":1,"minecraft:cooked_salmon":3,"minecraft:snowball":113,"minecraft:iron_axe":1,"iceandfire:silver_nugget":2,"minecraft:azure_bluet":1,"minecraft:leather_boots":1,"minecraft:oak_sapling":1,"minecraft:spider_eye":2,"minecraft:wooden_pickaxe":1,"minecraft:red_tulip":2},"minecraft:mined":{"minecraft:white_bed":1,"iceandfire:silver_ore":8,"minecraft:oak_door":3,"minecraft:grass_block":99,"minecraft:hay_block":6,"minecraft:furnace":1,"minecraft:iron_ore":44,"minecraft:snow":134,"create:copper_ore":1,"minecraft:azure_bluet":1,"minecraft:potatoes":26,"minecraft:stone":698,"minecraft:oak_slab":5,"quark:oak_chest":3,"minecraft:crafting_table":2,"minecraft:torch":5,"minecraft:poppy":4,"minecraft:tall_grass":38,"minecraft:cobblestone":33,"minecraft:wall_torch":6,"minecraft:birch_planks":3,"minecraft:wheat":39,"minecraft:ice":7,"minecraft:grass":362,"minecraft:coal_ore":79,"minecraft:oak_log":120,"iceandfire:silver_pile":1,"minecraft:gravel":15,"minecraft:dirt":100,"minecraft:gold_ore":6,"minecraft:oak_leaves":79},"minecraft:crafted":{"minecraft:oak_door":3,"minecraft:oak_planks":392,"minecraft:fishing_rod":1,"minecraft:furnace":1,"minecraft:bone_meal":45,"minecraft:iron_boots":1,"minecraft:iron_axe":1,"minecraft:stone_pickaxe":1,"minecraft:stone_hoe":1,"minecraft:wheat":54,"minecraft:cooked_cod":5,"minecraft:oak_slab":138,"minecraft:crafting_table":3,"minecraft:wooden_pickaxe":1,"minecraft:iron_helmet":1,"minecraft:cooked_salmon":7,"minecraft:bucket":1,"minecraft:stone_axe":1,"minecraft:bread":32,"minecraft:air":0,"minecraft:iron_chestplate":1,"minecraft:shield":1,"minecraft:stick":32,"quark:oak_chest":4,"minecraft:iron_ingot":44,"minecraft:iron_pickaxe":3,"minecraft:iron_shovel":2,"minecraft:iron_leggings":1,"minecraft:composter":1,"minecraft:torch":60,"minecraft:shears":1}},"DataVersion":2586}