{"stats":{"minecraft:mined":{"iceandfire:silver_ore":8,"minecraft:oak_door":3,"minecraft:crafting_table":2,"minecraft:torch":3,"minecraft:tall_grass":23,"minecraft:cobblestone":6,"minecraft:wall_torch":6,"minecraft:hay_block":6,"minecraft:birch_planks":3,"minecraft:furnace":1,"minecraft:iron_ore":44,"create:copper_ore":1,"minecraft:azure_bluet":1,"minecraft:grass":196,"minecraft:oak_log":60,"minecraft:potatoes":1,"minecraft:coal_ore":78,"iceandfire:silver_pile":1,"minecraft:dirt":5,"minecraft:stone":65,"minecraft:gold_ore":6,"minecraft:oak_leaves":33},"minecraft:crafted":{"minecraft:oak_door":3,"minecraft:oak_planks":152,"minecraft:fishing_rod":1,"minecraft:crafting_table":3,"minecraft:iron_helmet":1,"minecraft:wooden_pickaxe":1,"minecraft:furnace":1,"minecraft:stone_axe":1,"minecraft:bread":18,"minecraft:air":0,"minecraft:iron_boots":1,"minecraft:iron_chestplate":1,"minecraft:shield":1,"quark:oak_chest":2,"minecraft:stick":20,"minecraft:iron_ingot":29,"minecraft:iron_pickaxe":1,"minecraft:stone_pickaxe":1,"minecraft:iron_leggings":1,"minecraft:torch":28,"minecraft:shears":1,"minecraft:wheat":54},"minecraft:broken":{"minecraft:stone_pickaxe":1},"minecraft:killed":{"minecraft:skeleton":4,"minecraft:zombie":1},"minecraft:used":{"minecraft:birch_planks":2,"minecraft:stone_pickaxe":133,"minecraft:oak_planks":90,"minecraft:wooden_pickaxe":3,"minecraft:rotten_flesh":2,"minecraft:oak_door":6,"minecraft:torch":38,"minecraft:dirt":18,"minecraft:crafting_table":5,"minecraft:oak_log":18,"minecraft:apple":3,"minecraft:bread":8,"minecraft:iron_pickaxe":76,"quark:root_item":1,"minecraft:stone_axe":104,"minecraft:fishing_rod":1,"minecraft:cobblestone":59,"minecraft:oak_sapling":1,"minecraft:furnace":2,"quark:oak_chest":2,"minecraft:potato":1},"minecraft:picked_up":{"minecraft:crafting_table":2,"minecraft:azure_bluet":1,"minecraft:potato":1,"minecraft:birch_planks":2,"minecraft:oak_log":56,"minecraft:string":10,"minecraft:dirt":26,"minecraft:bone":6,"create:copper_ore":1,"minecraft:bow":1,"minecraft:wheat_seeds":16,"minecraft:iron_ingot":5,"minecraft:iron_ore":44,"quark:root_item":1,"minecraft:furnace":1,"minecraft:stick":3,"minecraft:oak_door":3,"minecraft:oak_fence":2,"minecraft:torch":9,"iceandfire:silver_ore":16,"minecraft:gold_ore":6,"minecraft:arrow":7,"minecraft:rotten_flesh":2,"minecraft:hay_block":6,"minecraft:bread":1,"minecraft:oak_sapling":1,"minecraft:cod":1,"iceandfire:silver_nugget":2,"minecraft:coal":78,"minecraft:cobblestone":137},"minecraft:dropped":{"iceandfire:silver_nugget":2,"minecraft:bread":11,"minecraft:wheat_seeds":1,"minecraft:wooden_pickaxe":1},"minecraft:custom":{"minecraft:interact_with_furnace":8,"minecraft:mob_kills":5,"minecraft:interact_with_crafting_table":19,"minecraft:play_one_minute":47165,"minecraft:time_since_death":43102,"minecraft:sleep_in_bed":2,"minecraft:time_since_rest":34412,"minecraft:sprint_one_cm":109137,"minecraft:damage_taken":840,"minecraft:walk_one_cm":119912,"minecraft:drop":15,"minecraft:damage_dealt":1049,"minecraft:swim_one_cm":1960,"minecraft:fly_one_cm":108132,"minecraft:open_chest":9,"minecraft:crouch_one_cm":4364,"minecraft:deaths":1,"minecraft:sneak_time":1492,"minecraft:walk_under_water_one_cm":13460,"minecraft:jump":764,"minecraft:walk_on_water_one_cm":4874,"minecraft:fish_caught":1,"minecraft:fall_one_cm":23701}},"DataVersion":2586}