{"stats":{"minecraft:mined":{"minecraft:hay_block":6,"minecraft:furnace":1,"minecraft:iron_ore":5,"minecraft:crafting_table":1,"minecraft:grass":6,"minecraft:coal_ore":64,"minecraft:potatoes":1,"minecraft:oak_log":22,"iceandfire:silver_pile":1,"minecraft:dirt":5,"minecraft:stone":38,"minecraft:wall_torch":2,"minecraft:oak_leaves":25},"minecraft:crafted":{"minecraft:oak_planks":56,"minecraft:crafting_table":3,"minecraft:stick":12,"minecraft:iron_ingot":5,"minecraft:wooden_pickaxe":1,"minecraft:stone_pickaxe":1,"minecraft:furnace":1,"minecraft:torch":28,"minecraft:stone_axe":1,"minecraft:air":0,"minecraft:bread":18,"minecraft:wheat":54},"minecraft:used":{"minecraft:oak_log":1,"minecraft:apple":3,"minecraft:bread":3,"minecraft:stone_pickaxe":108,"minecraft:wooden_pickaxe":3,"minecraft:stone_axe":29,"minecraft:torch":8,"minecraft:dirt":16,"minecraft:crafting_table":3,"minecraft:furnace":1,"minecraft:potato":1},"minecraft:picked_up":{"minecraft:stick":1,"minecraft:crafting_table":1,"minecraft:torch":2,"minecraft:potato":1,"minecraft:oak_log":21,"minecraft:dirt":26,"minecraft:hay_block":6,"minecraft:iron_ore":5,"iceandfire:silver_nugget":2,"minecraft:coal":64,"minecraft:cobblestone":38,"minecraft:furnace":1},"minecraft:dropped":{"iceandfire:silver_nugget":2,"minecraft:bread":6,"minecraft:wooden_pickaxe":1},"minecraft:custom":{"minecraft:time_since_rest":10412,"minecraft:interact_with_furnace":5,"minecraft:sprint_one_cm":67398,"minecraft:damage_taken":470,"minecraft:walk_one_cm":42378,"minecraft:drop":9,"minecraft:interact_with_crafting_table":9,"minecraft:swim_one_cm":1813,"minecraft:fly_one_cm":69809,"minecraft:open_chest":7,"minecraft:play_one_minute":23165,"minecraft:crouch_one_cm":3664,"minecraft:deaths":1,"minecraft:sneak_time":1245,"minecraft:walk_under_water_one_cm":5010,"minecraft:jump":372,"minecraft:time_since_death":19102,"minecraft:walk_on_water_one_cm":2155,"minecraft:sleep_in_bed":2,"minecraft:fall_one_cm":11692}},"DataVersion":2586}