{"stats":{"minecraft:mined":{"minecraft:white_bed":9,"minecraft:spruce_planks":1,"minecraft:grass_block":103,"sophisticatedbackpacks:iron_backpack":1,"minecraft:tall_seagrass":1,"minecraft:iron_ore":267,"minecraft:fire":3,"create:copper_ore":1,"minecraft:azure_bluet":1,"minecraft:potted_dandelion":1,"tetra:scroll_rolled":4,"minecraft:smoker":2,"minecraft:clay":4,"minecraft:torch":49,"minecraft:poppy":9,"quark:stone_speleothem":1,"iceandfire:ghost_chest":5,"minecraft:cobblestone":64,"minecraft:sugar_cane":3,"minecraft:oak_planks":4,"minecraft:wall_torch":37,"minecraft:skeleton_skull":1,"minecraft:seagrass":1,"quark:marble":6,"minecraft:wheat":76,"minecraft:tnt":1,"minecraft:wither_rose":2,"minecraft:grass":393,"minecraft:oak_log":153,"minecraft:sand":48,"minecraft:dirt":134,"minecraft:oak_leaves":106,"minecraft:diamond_ore":8,"iceandfire:silver_ore":15,"minecraft:dark_oak_leaves":1,"minecraft:oak_door":3,"tetra:block_geode":4,"farmersdelight:wild_carrots":1,"quark:cobbled_deepslate":3,"minecraft:spruce_leaves":1,"minecraft:sandstone":44,"minecraft:large_fern":10,"minecraft:hay_block":6,"minecraft:redstone_ore":10,"minecraft:furnace":7,"minecraft:carrots":24,"iceandfire:copper_ore":1,"minecraft:snow":134,"minecraft:andesite":689,"quark:smooth_basalt":8,"minecraft:potatoes":114,"minecraft:vine":3,"minecraft:rail":1,"minecraft:stone":1289,"sophisticatedbackpacks:backpack":1,"minecraft:white_wool":1,"minecraft:oak_slab":15,"quark:oak_chest":3,"minecraft:dandelion":1,"minecraft:crafting_table":9,"minecraft:tall_grass":50,"minecraft:lapis_ore":4,"minecraft:birch_planks":3,"minecraft:sweet_berry_bush":5,"minecraft:ice":8,"minecraft:birch_leaves":1,"minecraft:yellow_bed":3,"quark:deepslate":319,"minecraft:grass_path":4,"minecraft:coal_ore":207,"iceandfire:silver_pile":1,"minecraft:gravel":44,"minecraft:cobweb":3,"minecraft:cracked_stone_bricks":1,"minecraft:stone_bricks":3,"minecraft:gold_ore":11,"minecraft:fern":3,"quark:root":84},"minecraft:killed":{"minecraft:cave_spider":2,"iceandfire:hippogryph":1,"minecraft:witch":3,"minecraft:spider":17,"iceandfire:stymphalian_bird":2,"minecraft:skeleton":29,"artifacts:mimic":1,"minecraft:wolf":1,"minecraft:creeper":5,"minecraft:sheep":4,"minecraft:pillager":15,"minecraft:zombie":38,"alexsmobs:fly":2,"minecraft:cow":6,"mca:female_zombie_villager":1,"minecraft:vindicator":3,"iceandfire:siren":1,"alexsmobs:cockroach":1,"iceandfire:ghost":9,"alexsmobs:crow":3,"minecraft:enderman":2},"minecraft:broken":{"minecraft:iron_shovel":1,"minecraft:golden_shovel":1,"minecraft:stone_pickaxe":1,"minecraft:stone_axe":1,"iceandfire:armor_silver_metal_leggings":1,"minecraft:iron_axe":1,"minecraft:iron_pickaxe":10},"minecraft:killed_by":{"minecraft:creeper":7,"minecraft:ravager":1,"minecraft:drowned":1,"minecraft:vindicator":1,"minecraft:player":1,"iceandfire:hydra":2,"minecraft:skeleton":2,"iceandfire:ghost":2,"iceandfire:troll":1},"minecraft:used":{"minecraft:iron_shovel":314,"quark:cobbled_deepslate":26,"minecraft:shield":66,"minecraft:iron_sword":61,"minecraft:grass":2,"minecraft:rotten_flesh":39,"minecraft:carrot":87,"minecraft:snowball":3,"minecraft:grass_block":1,"iceandfire:ghost_chest":4,"minecraft:stone_bricks":3,"quark:smooth_basalt":8,"minecraft:bow":13,"minecraft:sweet_berries":15,"minecraft:oak_sapling":7,"minecraft:furnace":10,"minecraft:cooked_cod":11,"minecraft:egg":1,"minecraft:potato":175,"minecraft:stone_pickaxe":179,"minecraft:oak_planks":92,"minecraft:wooden_pickaxe":3,"minecraft:sandstone":17,"minecraft:composter":1,"minecraft:white_wool":1,"minecraft:sand":1,"minecraft:crossbow":17,"minecraft:shears":3,"sophisticatedbackpacks:backpack":1,"minecraft:bread":30,"minecraft:gravel":11,"minecraft:pufferfish":2,"minecraft:fire_charge":3,"minecraft:andesite":8,"minecraft:poisonous_potato":1,"iceandfire:troll_weapon_column_forest":51,"minecraft:bone_meal":161,"minecraft:golden_pickaxe":45,"sophisticatedbackpacks:iron_backpack":4,"iceandfire:silver_sword":438,"minecraft:spruce_planks":1,"minecraft:cooked_salmon":6,"minecraft:stone_hoe":44,"minecraft:oak_door":6,"minecraft:torch":501,"minecraft:dirt":87,"tetra:scroll_rolled":4,"minecraft:golden_shovel":32,"alexsmobs:maggot":1,"tombstone:ankh_of_pray":45,"minecraft:iron_axe":230,"carryon:entity_item":6,"minecraft:golden_carrot":6,"minecraft:beef":1,"minecraft:wheat_seeds":75,"minecraft:cooked_mutton":4,"minecraft:water_bucket":92,"minecraft:birch_planks":2,"minecraft:baked_potato":97,"minecraft:rail":1,"minecraft:oak_slab":325,"minecraft:tnt":1,"minecraft:crafting_table":14,"minecraft:white_bed":13,"minecraft:cod":1,"minecraft:smoker":2,"tombstone:bag_of_seeds":1,"minecraft:oak_log":18,"minecraft:flower_pot":1,"minecraft:apple":4,"minecraft:iron_pickaxe":2829,"iceandfire:dragon_horn":1,"quark:root_item":35,"minecraft:stone_axe":116,"minecraft:fishing_rod":46,"minecraft:cobblestone":742,"minecraft:white_banner":1,"minecraft:cooked_porkchop":1,"minecraft:bucket":94,"minecraft:yellow_bed":2,"quark:oak_chest":7,"minecraft:dandelion":1},"minecraft:picked_up":{"minecraft:iron_chestplate":4,"minecraft:wheat":86,"minecraft:prismarine_shard":2,"minecraft:flower_pot":1,"iceandfire:copper_ore":11,"minecraft:potion":1,"minecraft:wither_rose":6,"minecraft:enchanted_book":1,"minecraft:golden_shovel":1,"minecraft:infested_stone":25,"iceandfire:armor_silver_metal_chestplate":8,"iceandfire:manuscript":41,"minecraft:string":60,"minecraft:iron_leggings":4,"minecraft:pufferfish":6,"minecraft:gold_nugget":35,"minecraft:bucket":1,"minecraft:spruce_planks":177,"quark:root_item":42,"minecraft:iron_pickaxe":28,"minecraft:iron_boots":5,"minecraft:furnace":6,"minecraft:stick":143,"iceandfire:ghost_chest":7,"minecraft:oak_fence":4,"minecraft:torch":756,"iceandfire:silver_ore":35,"tombstone:grave_dust":4,"iceandfire:troll_weapon_column_forest":4,"minecraft:stone_sword":6,"minecraft:rotten_flesh":87,"minecraft:red_tulip":3,"minecraft:cod":13,"quark:marble":12,"minecraft:snowball":222,"minecraft:cobblestone":4050,"minecraft:leather_chestplate":1,"minecraft:feather":2,"minecraft:water_bucket":17,"minecraft:andesite":2029,"minecraft:smoker":1,"minecraft:potato":470,"minecraft:flint":13,"minecraft:lapis_lazuli":27,"minecraft:dirt":436,"artifacts:shock_pendant":1,"minecraft:leather_boots":4,"minecraft:bone":133,"tetra:scroll_rolled":4,"create:copper_ore":1,"minecraft:bow":5,"minecraft:wheat_seeds":258,"minecraft:oak_planks":469,"minecraft:poisonous_potato":7,"iceandfire:shiny_scales":15,"minecraft:sand":66,"iceandfire:stymphalian_bird_feather":19,"sophisticatedbackpacks:iron_backpack":4,"minecraft:grass_block":4,"alexsmobs:animal_dictionary":4,"quark:cobbled_deepslate":416,"minecraft:diamond":8,"minecraft:crossbow":1,"minecraft:grass":4,"minecraft:bone_meal":8,"minecraft:bread":10,"iceandfire:gorgon_head":1,"alexsmobs:maggot":1,"minecraft:oak_sapling":11,"iceandfire:silver_nugget":2,"iceandfire:copper_ingot":2,"minecraft:fishing_rod":11,"minecraft:cocoa_beans":4,"minecraft:crafting_table":10,"minecraft:azure_bluet":1,"minecraft:clay_ball":82,"minecraft:golden_pickaxe":1,"minecraft:brown_mushroom":4,"mca:book_rose_gold":4,"minecraft:chain":4,"minecraft:shield":16,"minecraft:iron_axe":4,"minecraft:iron_shovel":3,"iceandfire:graveyard_soil":10,"minecraft:cracked_stone_bricks":1,"minecraft:beef":11,"iceandfire:armor_silver_metal_leggings":9,"minecraft:poppy":8,"minecraft:sugar_cane":2,"minecraft:egg":1,"tombstone:ankh_of_pray":1,"minecraft:sandstone":44,"iceandfire:dragonbone":2,"minecraft:oak_door":3,"sophisticatedbackpacks:backpack":3,"minecraft:fire_charge":3,"farmersdelight:tomato_seeds":4,"minecraft:carrot":115,"minecraft:redstone":36,"minecraft:prismarine_crystals":8,"minecraft:tnt":1,"iceandfire:silver_ingot":11,"minecraft:arrow":114,"minecraft:cooked_cod":2,"quark:smooth_basalt":37,"minecraft:hay_block":6,"minecraft:gold_ingot":17,"minecraft:mutton":18,"minecraft:rail":3,"minecraft:skeleton_skull":5,"minecraft:white_wool":14,"minecraft:salmon":11,"minecraft:leather":16,"minecraft:red_mushroom":9,"minecraft:filled_map":3,"minecraft:birch_planks":2,"minecraft:oak_log":152,"iceandfire:ectoplasm":17,"minecraft:yellow_bed":4,"minecraft:gunpowder":15,"minecraft:white_banner":2,"minecraft:cooked_mutton":6,"minecraft:kelp":4,"minecraft:apple":8,"minecraft:stone_bricks":12,"quark:music_disc_crickets":4,"minecraft:iron_ingot":282,"minecraft:stone_pickaxe":14,"minecraft:cobweb":3,"minecraft:iron_ore":710,"tombstone:bag_of_seeds":1,"minecraft:iron_sword":6,"minecraft:oak_slab":81,"iceandfire:copper_nugget":6,"minecraft:sweet_berries":15,"minecraft:dandelion":3,"minecraft:gravel":239,"minecraft:white_bed":9,"minecraft:spruce_log":34,"minecraft:spider_eye":15,"minecraft:gold_ore":91,"quark:oak_chest":3,"artifacts:scarf_of_invisibility":1,"minecraft:pumpkin_seeds":2,"tetra:geode":32,"iceandfire:silver_sword":16,"minecraft:iron_helmet":8,"minecraft:baked_potato":135,"farmersdelight:cooked_salmon_slice":5,"minecraft:coal":1491},"minecraft:custom":{"minecraft:interact_with_crafting_table":122,"minecraft:open_barrel":9,"minecraft:leave_game":6,"minecraft:time_since_death":30552,"minecraft:sprint_one_cm":1668238,"minecraft:damage_blocked_by_shield":1360,"minecraft:drop":496,"minecraft:talked_to_villager":2,"minecraft:deaths":21,"minecraft:jump":10326,"minecraft:walk_on_water_one_cm":182232,"minecraft:interact_with_furnace":205,"minecraft:play_one_minute":601684,"minecraft:sleep_in_bed":30,"minecraft:damage_dealt":39502,"minecraft:crouch_one_cm":93880,"tombstone:undead_killed":7,"minecraft:interact_with_smoker":45,"minecraft:horse_one_cm":379,"minecraft:mob_kills":205,"minecraft:damage_dealt_resisted":150,"minecraft:climb_one_cm":2084,"minecraft:walk_one_cm":1590330,"minecraft:sneak_time":21026,"minecraft:walk_under_water_one_cm":215105,"minecraft:boat_one_cm":14221,"tombstone:raider_killed":18,"minecraft:raid_trigger":1,"minecraft:pot_flower":1,"minecraft:time_since_rest":5318,"minecraft:damage_taken":2147483647,"minecraft:trigger_trapped_chest":10,"minecraft:swim_one_cm":178203,"minecraft:fly_one_cm":1669224,"minecraft:open_chest":246,"minecraft:fish_caught":26,"minecraft:fall_one_cm":254863},"minecraft:dropped":{"sophisticatedbackpacks:iron_backpack":2,"iceandfire:troll_weapon_column_forest":1,"minecraft:brown_mushroom":2,"minecraft:baked_potato":63,"minecraft:golden_pickaxe":1,"quark:marble":6,"minecraft:cracked_stone_bricks":1,"iceandfire:gorgon_head":1,"minecraft:red_mushroom":3,"iceandfire:graveyard_soil":10,"minecraft:dirt":2,"minecraft:grass":2,"iceandfire:armor_silver_metal_leggings":1,"minecraft:snowball":113,"quark:cobbled_deepslate":160,"minecraft:chain":4,"minecraft:sand":65,"minecraft:iron_pickaxe":12,"minecraft:white_wool":1,"minecraft:bone":11,"iceandfire:stymphalian_bird_feather":2,"minecraft:sugar_cane":2,"minecraft:wheat":1,"minecraft:rotten_flesh":7,"minecraft:azure_bluet":1,"iceandfire:copper_ore":5,"minecraft:carrot":1,"minecraft:gunpowder":2,"minecraft:leather_boots":2,"minecraft:iron_ore":2,"farmersdelight:tomato_seeds":1,"minecraft:iron_ingot":30,"minecraft:bread":15,"minecraft:wheat_seeds":19,"minecraft:tnt":1,"minecraft:poisonous_potato":2,"minecraft:prismarine_shard":2,"minecraft:feather":2,"minecraft:cobblestone":64,"minecraft:prismarine_crystals":4,"minecraft:apple":3,"minecraft:coal":61,"minecraft:golden_apple":2,"tombstone:ankh_of_pray":1,"minecraft:stick":24,"minecraft:pufferfish":2,"minecraft:golden_carrot":4,"iceandfire:copper_nugget":2,"minecraft:torch":137,"iceandfire:silver_sword":4,"minecraft:cooked_salmon":3,"iceandfire:armor_silver_metal_chestplate":1,"minecraft:potion":1,"minecraft:white_banner":1,"minecraft:heart_of_the_sea":1,"minecraft:iron_axe":1,"minecraft:red_dye":5,"minecraft:string":2,"minecraft:dandelion":1,"iceandfire:silver_nugget":2,"minecraft:kelp":4,"minecraft:stone_sword":4,"tetra:geode":7,"farmersdelight:cabbage_seeds":2,"minecraft:clay_ball":28,"minecraft:filled_map":3,"quark:smooth_basalt":6,"minecraft:shield":1,"minecraft:andesite":288,"minecraft:oak_sapling":2,"minecraft:spider_eye":4,"minecraft:stone_bricks":3,"minecraft:sandstone":27,"minecraft:stone_pickaxe":8,"minecraft:wooden_pickaxe":1,"minecraft:red_tulip":2},"minecraft:crafted":{"minecraft:oak_planks":496,"iceandfire:armor_silver_metal_chestplate":1,"minecraft:iron_boots":1,"iceandfire:armor_silver_metal_leggings":1,"minecraft:stone_hoe":1,"minecraft:smoker":1,"minecraft:oak_slab":378,"minecraft:crafting_table":5,"minecraft:spruce_planks":136,"minecraft:iron_helmet":1,"minecraft:wooden_pickaxe":1,"minecraft:baked_potato":280,"minecraft:iron_chestplate":1,"minecraft:shield":1,"minecraft:stick":176,"quark:oak_chest":4,"minecraft:iron_ingot":341,"minecraft:iron_pickaxe":22,"minecraft:gold_ingot":28,"iceandfire:dragon_horn":1,"iceandfire:stymphalian_feather_bundle":1,"minecraft:composter":1,"iceandfire:silver_sword":3,"minecraft:shears":1,"minecraft:golden_carrot":28,"minecraft:oak_door":3,"minecraft:fishing_rod":3,"minecraft:furnace":6,"iceandfire:dragon_flute":1,"minecraft:bone_meal":153,"minecraft:iron_axe":2,"minecraft:stone_pickaxe":1,"minecraft:wheat":54,"sophisticatedbackpacks:iron_backpack":2,"minecraft:coal_block":2,"minecraft:red_dye":5,"minecraft:cooked_cod":8,"iceandfire:silver_ingot":27,"tombstone:ankh_of_pray":1,"minecraft:cooked_salmon":7,"minecraft:bucket":2,"minecraft:stone_axe":1,"minecraft:bread":41,"minecraft:air":0,"minecraft:golden_apple":1,"minecraft:gold_nugget":279,"minecraft:iron_shovel":2,"minecraft:iron_leggings":1,"minecraft:white_bed":4,"minecraft:torch":520}},"DataVersion":2586}