{"stats":{"minecraft:custom":{"minecraft:mob_kills":103,"minecraft:interact_with_crafting_table":101,"minecraft:open_barrel":8,"minecraft:leave_game":4,"minecraft:time_since_death":40555,"minecraft:sprint_one_cm":907483,"minecraft:damage_blocked_by_shield":690,"minecraft:walk_one_cm":1078912,"minecraft:drop":314,"minecraft:deaths":6,"minecraft:sneak_time":17863,"minecraft:walk_under_water_one_cm":184528,"minecraft:jump":6086,"minecraft:walk_on_water_one_cm":110539,"minecraft:interact_with_furnace":165,"minecraft:play_one_minute":414302,"minecraft:pot_flower":1,"minecraft:sleep_in_bed":16,"minecraft:time_since_rest":24036,"minecraft:damage_taken":2147483647,"minecraft:damage_dealt":19675,"minecraft:swim_one_cm":58711,"minecraft:fly_one_cm":852975,"minecraft:open_chest":193,"minecraft:crouch_one_cm":81653,"minecraft:fish_caught":17,"minecraft:interact_with_smoker":31,"minecraft:fall_one_cm":166675},"minecraft:picked_up":{"minecraft:fishing_rod":1,"minecraft:crafting_table":9,"minecraft:iron_chestplate":4,"minecraft:wheat":85,"minecraft:azure_bluet":1,"minecraft:clay_ball":34,"minecraft:flower_pot":1,"iceandfire:copper_ore":1,"minecraft:potion":1,"minecraft:enchanted_book":1,"minecraft:infested_stone":25,"minecraft:shield":6,"minecraft:string":26,"minecraft:iron_axe":4,"minecraft:iron_leggings":4,"minecraft:iron_shovel":3,"minecraft:pufferfish":4,"quark:root_item":38,"minecraft:poppy":3,"minecraft:iron_pickaxe":8,"minecraft:furnace":4,"minecraft:iron_boots":4,"minecraft:egg":1,"minecraft:stick":101,"minecraft:oak_door":3,"minecraft:oak_fence":4,"minecraft:torch":199,"iceandfire:silver_ore":35,"sophisticatedbackpacks:backpack":3,"farmersdelight:tomato_seeds":4,"minecraft:carrot":85,"minecraft:redstone":36,"iceandfire:silver_ingot":2,"minecraft:stone_sword":1,"minecraft:arrow":42,"minecraft:rotten_flesh":43,"minecraft:cooked_cod":2,"quark:smooth_basalt":17,"minecraft:hay_block":6,"minecraft:red_tulip":3,"minecraft:gold_ingot":3,"minecraft:rail":3,"minecraft:cod":6,"quark:marble":12,"minecraft:snowball":222,"minecraft:white_wool":11,"minecraft:cobblestone":2720,"minecraft:andesite":1044,"minecraft:water_bucket":6,"minecraft:salmon":11,"minecraft:potato":351,"minecraft:birch_planks":2,"minecraft:flint":5,"minecraft:oak_log":140,"iceandfire:ectoplasm":3,"minecraft:yellow_bed":3,"minecraft:gunpowder":11,"minecraft:lapis_lazuli":27,"minecraft:dirt":424,"artifacts:shock_pendant":1,"minecraft:cooked_mutton":6,"minecraft:leather_boots":4,"minecraft:bone":38,"tetra:scroll_rolled":4,"create:copper_ore":1,"minecraft:apple":3,"minecraft:bow":5,"minecraft:wheat_seeds":250,"minecraft:iron_ingot":18,"minecraft:iron_ore":309,"minecraft:cobweb":3,"minecraft:oak_planks":435,"minecraft:oak_slab":81,"minecraft:sweet_berries":1,"minecraft:dandelion":3,"minecraft:poisonous_potato":3,"minecraft:gravel":175,"minecraft:spruce_log":34,"sophisticatedbackpacks:iron_backpack":2,"minecraft:white_bed":5,"minecraft:grass_block":4,"minecraft:gold_ore":24,"artifacts:scarf_of_invisibility":1,"quark:oak_chest":3,"minecraft:spider_eye":4,"quark:cobbled_deepslate":375,"minecraft:pumpkin_seeds":2,"tetra:geode":11,"minecraft:diamond":7,"iceandfire:silver_sword":1,"minecraft:iron_helmet":4,"minecraft:bone_meal":8,"minecraft:grass":4,"minecraft:bread":10,"iceandfire:gorgon_head":1,"alexsmobs:maggot":1,"minecraft:baked_potato":9,"minecraft:oak_sapling":8,"farmersdelight:cooked_salmon_slice":5,"iceandfire:silver_nugget":2,"minecraft:coal":424},"minecraft:used":{"sophisticatedbackpacks:iron_backpack":3,"iceandfire:silver_sword":261,"minecraft:iron_shovel":314,"quark:cobbled_deepslate":26,"minecraft:shield":20,"minecraft:grass":2,"minecraft:cooked_salmon":4,"minecraft:stone_hoe":44,"minecraft:rotten_flesh":20,"minecraft:oak_door":6,"minecraft:torch":356,"minecraft:dirt":80,"minecraft:carrot":78,"tetra:scroll_rolled":4,"minecraft:snowball":3,"alexsmobs:maggot":1,"minecraft:iron_axe":225,"minecraft:grass_block":1,"quark:smooth_basalt":8,"minecraft:golden_carrot":5,"minecraft:bow":13,"minecraft:sweet_berries":1,"minecraft:oak_sapling":6,"minecraft:furnace":8,"minecraft:cooked_cod":5,"minecraft:egg":1,"minecraft:potato":152,"minecraft:wheat_seeds":75,"minecraft:cooked_mutton":3,"minecraft:water_bucket":86,"minecraft:baked_potato":26,"minecraft:birch_planks":2,"minecraft:stone_pickaxe":133,"minecraft:oak_planks":92,"minecraft:wooden_pickaxe":3,"minecraft:composter":1,"minecraft:white_wool":1,"minecraft:rail":1,"minecraft:oak_slab":325,"minecraft:crafting_table":12,"minecraft:white_bed":8,"minecraft:cod":1,"minecraft:shears":3,"minecraft:smoker":1,"minecraft:oak_log":18,"sophisticatedbackpacks:backpack":1,"minecraft:flower_pot":1,"minecraft:apple":3,"minecraft:iron_pickaxe":2571,"minecraft:bread":30,"minecraft:gravel":11,"quark:root_item":28,"minecraft:pufferfish":2,"minecraft:stone_axe":116,"minecraft:fishing_rod":25,"minecraft:cobblestone":698,"minecraft:cooked_porkchop":1,"minecraft:andesite":4,"minecraft:poisonous_potato":1,"minecraft:bucket":88,"minecraft:dandelion":1,"quark:oak_chest":7,"minecraft:yellow_bed":2,"minecraft:bone_meal":110},"minecraft:dropped":{"sophisticatedbackpacks:iron_backpack":1,"minecraft:bread":15,"minecraft:wheat_seeds":14,"minecraft:baked_potato":62,"quark:marble":6,"minecraft:cobblestone":64,"iceandfire:gorgon_head":1,"minecraft:golden_apple":1,"minecraft:grass":2,"minecraft:golden_carrot":4,"minecraft:torch":102,"iceandfire:armor_silver_metal_leggings":1,"iceandfire:silver_sword":2,"minecraft:cooked_salmon":3,"minecraft:snowball":113,"iceandfire:armor_silver_metal_chestplate":1,"quark:cobbled_deepslate":159,"minecraft:potion":1,"minecraft:iron_axe":1,"minecraft:iron_pickaxe":9,"minecraft:string":1,"minecraft:white_wool":1,"minecraft:dandelion":1,"iceandfire:silver_nugget":2,"minecraft:stone_sword":1,"minecraft:clay_ball":4,"minecraft:azure_bluet":1,"minecraft:carrot":1,"minecraft:shield":1,"minecraft:gunpowder":1,"minecraft:leather_boots":2,"minecraft:oak_sapling":2,"minecraft:spider_eye":2,"minecraft:iron_ore":2,"minecraft:wooden_pickaxe":1,"minecraft:red_tulip":2},"minecraft:broken":{"minecraft:iron_shovel":1,"minecraft:stone_pickaxe":1,"minecraft:iron_axe":1,"minecraft:stone_axe":1,"minecraft:iron_pickaxe":10},"minecraft:killed":{"mca:female_zombie_villager":1,"minecraft:cave_spider":2,"minecraft:witch":3,"minecraft:spider":12,"minecraft:skeleton":15,"artifacts:mimic":1,"minecraft:creeper":5,"minecraft:sheep":1,"minecraft:zombie":15,"alexsmobs:cockroach":1,"iceandfire:ghost":1,"alexsmobs:fly":1,"alexsmobs:crow":3,"minecraft:enderman":2},"minecraft:mined":{"minecraft:diamond_ore":8,"minecraft:white_bed":5,"iceandfire:silver_ore":15,"minecraft:oak_door":3,"tetra:block_geode":4,"quark:cobbled_deepslate":3,"minecraft:grass_block":101,"sophisticatedbackpacks:iron_backpack":1,"minecraft:hay_block":6,"minecraft:redstone_ore":10,"minecraft:carrots":23,"minecraft:furnace":5,"iceandfire:copper_ore":1,"minecraft:iron_ore":248,"minecraft:snow":134,"minecraft:andesite":543,"create:copper_ore":1,"quark:smooth_basalt":8,"minecraft:azure_bluet":1,"minecraft:potatoes":92,"minecraft:potted_dandelion":1,"minecraft:rail":1,"minecraft:stone":1180,"sophisticatedbackpacks:backpack":1,"minecraft:white_wool":1,"minecraft:oak_slab":15,"quark:oak_chest":3,"tetra:scroll_rolled":4,"minecraft:dandelion":1,"minecraft:clay":4,"minecraft:crafting_table":8,"minecraft:torch":47,"minecraft:poppy":4,"quark:stone_speleothem":1,"minecraft:tall_grass":42,"minecraft:cobblestone":59,"minecraft:lapis_ore":4,"minecraft:oak_planks":4,"minecraft:wall_torch":35,"minecraft:birch_planks":3,"minecraft:wheat":76,"quark:marble":6,"minecraft:ice":8,"minecraft:yellow_bed":2,"quark:deepslate":319,"minecraft:grass":371,"minecraft:coal_ore":204,"minecraft:oak_log":144,"iceandfire:silver_pile":1,"minecraft:gravel":44,"minecraft:dirt":132,"minecraft:cobweb":2,"minecraft:gold_ore":11,"minecraft:oak_leaves":94,"quark:root":82},"minecraft:crafted":{"minecraft:golden_carrot":15,"minecraft:oak_door":3,"minecraft:oak_planks":472,"minecraft:fishing_rod":3,"minecraft:furnace":6,"minecraft:bone_meal":102,"iceandfire:armor_silver_metal_chestplate":1,"minecraft:iron_boots":1,"iceandfire:armor_silver_metal_leggings":1,"minecraft:iron_axe":2,"minecraft:stone_pickaxe":1,"minecraft:stone_hoe":1,"minecraft:smoker":1,"sophisticatedbackpacks:iron_backpack":2,"minecraft:wheat":54,"minecraft:coal_block":2,"minecraft:cooked_cod":5,"minecraft:oak_slab":378,"iceandfire:silver_ingot":27,"minecraft:crafting_table":4,"minecraft:spruce_planks":136,"minecraft:iron_helmet":1,"minecraft:wooden_pickaxe":1,"minecraft:baked_potato":183,"minecraft:cooked_salmon":7,"minecraft:bucket":2,"minecraft:stone_axe":1,"minecraft:bread":41,"minecraft:air":0,"minecraft:iron_chestplate":1,"minecraft:gold_nugget":126,"minecraft:shield":1,"minecraft:stick":132,"quark:oak_chest":4,"minecraft:iron_ingot":218,"minecraft:iron_pickaxe":20,"minecraft:iron_shovel":2,"minecraft:iron_leggings":1,"minecraft:gold_ingot":9,"minecraft:white_bed":3,"minecraft:composter":1,"minecraft:torch":432,"iceandfire:silver_sword":3,"minecraft:shears":1},"minecraft:killed_by":{"minecraft:player":1,"minecraft:creeper":2}},"DataVersion":2586}