{"stats":{"minecraft:used":{"minecraft:iron_shovel":314,"iceandfire:silver_sword":29,"minecraft:shield":7,"minecraft:cooked_salmon":4,"minecraft:stone_hoe":43,"minecraft:rotten_flesh":9,"minecraft:oak_door":6,"minecraft:torch":82,"minecraft:dirt":62,"minecraft:carrot":15,"minecraft:snowball":3,"alexsmobs:maggot":1,"minecraft:iron_axe":182,"minecraft:grass_block":1,"minecraft:bow":13,"minecraft:oak_sapling":2,"minecraft:furnace":4,"minecraft:cooked_cod":5,"minecraft:potato":96,"minecraft:wheat_seeds":72,"minecraft:water_bucket":55,"minecraft:birch_planks":2,"minecraft:stone_pickaxe":133,"minecraft:baked_potato":5,"minecraft:oak_planks":92,"minecraft:wooden_pickaxe":3,"minecraft:composter":1,"minecraft:rail":1,"minecraft:oak_slab":10,"minecraft:crafting_table":6,"minecraft:white_bed":1,"minecraft:cod":1,"minecraft:oak_log":18,"minecraft:apple":3,"minecraft:bread":29,"minecraft:iron_pickaxe":928,"minecraft:gravel":5,"quark:root_item":2,"minecraft:pufferfish":2,"minecraft:stone_axe":116,"minecraft:fishing_rod":23,"minecraft:cobblestone":659,"minecraft:bucket":57,"quark:oak_chest":7,"minecraft:bone_meal":82},"minecraft:broken":{"minecraft:iron_shovel":1,"minecraft:stone_pickaxe":1,"minecraft:iron_axe":1,"minecraft:stone_axe":1,"minecraft:iron_pickaxe":3},"minecraft:dropped":{"minecraft:bread":15,"minecraft:wheat_seeds":13,"minecraft:baked_potato":15,"quark:marble":6,"iceandfire:gorgon_head":1,"minecraft:golden_apple":1,"minecraft:cooked_salmon":3,"minecraft:snowball":113,"minecraft:iron_axe":1,"iceandfire:silver_nugget":2,"minecraft:azure_bluet":1,"minecraft:shield":1,"minecraft:gunpowder":1,"minecraft:leather_boots":1,"minecraft:oak_sapling":1,"minecraft:spider_eye":2,"minecraft:iron_ore":2,"minecraft:wooden_pickaxe":1,"minecraft:red_tulip":2},"minecraft:custom":{"minecraft:mob_kills":45,"minecraft:interact_with_crafting_table":52,"minecraft:leave_game":3,"minecraft:time_since_death":32823,"minecraft:sprint_one_cm":399104,"minecraft:walk_one_cm":517412,"minecraft:damage_blocked_by_shield":280,"minecraft:drop":180,"minecraft:deaths":5,"minecraft:sneak_time":12480,"minecraft:walk_under_water_one_cm":180217,"minecraft:jump":2933,"minecraft:walk_on_water_one_cm":80119,"minecraft:interact_with_furnace":57,"minecraft:play_one_minute":206095,"minecraft:sleep_in_bed":9,"minecraft:time_since_rest":467,"minecraft:damage_taken":2147483647,"minecraft:damage_dealt":7918,"minecraft:swim_one_cm":46192,"minecraft:fly_one_cm":352395,"minecraft:open_chest":104,"minecraft:crouch_one_cm":63574,"minecraft:fish_caught":17,"minecraft:fall_one_cm":85311},"minecraft:picked_up":{"minecraft:fishing_rod":1,"minecraft:crafting_table":2,"minecraft:iron_chestplate":4,"minecraft:wheat":77,"minecraft:azure_bluet":1,"minecraft:clay_ball":14,"minecraft:enchanted_book":1,"minecraft:shield":5,"minecraft:string":18,"minecraft:iron_axe":4,"minecraft:iron_leggings":4,"minecraft:iron_shovel":3,"minecraft:pufferfish":4,"quark:root_item":2,"minecraft:poppy":3,"minecraft:iron_pickaxe":4,"minecraft:iron_boots":4,"minecraft:furnace":1,"minecraft:stick":65,"minecraft:oak_door":3,"minecraft:oak_fence":4,"minecraft:torch":121,"iceandfire:silver_ore":16,"farmersdelight:tomato_seeds":4,"minecraft:carrot":34,"iceandfire:silver_ingot":2,"minecraft:arrow":26,"minecraft:cooked_cod":2,"minecraft:rotten_flesh":11,"minecraft:hay_block":6,"minecraft:red_tulip":3,"minecraft:cobblestone":1951,"quark:marble":12,"minecraft:cod":6,"minecraft:snowball":222,"minecraft:rail":3,"minecraft:water_bucket":4,"minecraft:salmon":11,"minecraft:potato":129,"minecraft:birch_planks":2,"minecraft:flint":3,"minecraft:oak_log":116,"iceandfire:ectoplasm":3,"minecraft:gunpowder":9,"minecraft:dirt":378,"minecraft:leather_boots":3,"minecraft:bone":28,"create:copper_ore":1,"minecraft:bow":4,"minecraft:wheat_seeds":225,"minecraft:iron_ingot":15,"minecraft:iron_ore":84,"minecraft:oak_planks":433,"minecraft:oak_slab":69,"minecraft:poisonous_potato":1,"minecraft:gravel":13,"artifacts:scarf_of_invisibility":1,"minecraft:white_bed":1,"minecraft:grass_block":4,"minecraft:gold_ore":6,"quark:oak_chest":3,"minecraft:spider_eye":3,"minecraft:pumpkin_seeds":2,"minecraft:iron_helmet":4,"minecraft:bone_meal":7,"minecraft:oak_sapling":3,"minecraft:bread":10,"iceandfire:gorgon_head":1,"alexsmobs:maggot":1,"minecraft:baked_potato":4,"iceandfire:silver_nugget":2,"minecraft:coal":272},"minecraft:crafted":{"minecraft:oak_door":3,"minecraft:oak_planks":392,"minecraft:fishing_rod":2,"minecraft:furnace":3,"minecraft:bone_meal":75,"minecraft:iron_boots":1,"minecraft:iron_axe":1,"minecraft:stone_pickaxe":1,"minecraft:stone_hoe":1,"minecraft:wheat":54,"minecraft:cooked_cod":5,"minecraft:oak_slab":138,"minecraft:crafting_table":4,"minecraft:iron_helmet":1,"minecraft:wooden_pickaxe":1,"minecraft:baked_potato":29,"minecraft:cooked_salmon":7,"minecraft:bucket":2,"minecraft:stone_axe":1,"minecraft:bread":39,"minecraft:air":0,"minecraft:iron_chestplate":1,"minecraft:shield":1,"minecraft:stick":48,"quark:oak_chest":4,"minecraft:iron_ingot":80,"minecraft:iron_pickaxe":8,"minecraft:iron_shovel":2,"minecraft:iron_leggings":1,"minecraft:composter":1,"minecraft:torch":112,"iceandfire:silver_sword":1,"minecraft:shears":1},"minecraft:mined":{"minecraft:white_bed":1,"iceandfire:silver_ore":8,"minecraft:oak_door":3,"minecraft:grass_block":99,"minecraft:hay_block":6,"minecraft:furnace":1,"minecraft:carrots":9,"iceandfire:copper_ore":1,"minecraft:iron_ore":81,"minecraft:snow":134,"create:copper_ore":1,"minecraft:azure_bluet":1,"minecraft:potatoes":45,"minecraft:rail":1,"minecraft:stone":758,"minecraft:oak_slab":5,"quark:oak_chest":3,"minecraft:crafting_table":2,"minecraft:torch":5,"minecraft:poppy":4,"minecraft:tall_grass":39,"minecraft:cobblestone":57,"minecraft:oak_planks":2,"minecraft:wall_torch":7,"minecraft:birch_planks":3,"minecraft:wheat":68,"quark:marble":6,"minecraft:ice":8,"minecraft:grass":366,"minecraft:oak_log":120,"minecraft:coal_ore":93,"iceandfire:silver_pile":1,"minecraft:gravel":15,"minecraft:dirt":100,"minecraft:gold_ore":6,"minecraft:oak_leaves":79},"minecraft:killed":{"mca:female_zombie_villager":1,"minecraft:spider":4,"minecraft:skeleton":13,"minecraft:creeper":3,"minecraft:sheep":1,"minecraft:zombie":9,"iceandfire:ghost":1,"alexsmobs:fly":1,"alexsmobs:crow":3,"minecraft:enderman":2},"minecraft:killed_by":{"minecraft:player":1,"minecraft:creeper":1}},"DataVersion":2586}