{"stats":{"minecraft:mined":{"minecraft:white_bed":1,"iceandfire:silver_ore":8,"minecraft:oak_door":3,"minecraft:crafting_table":2,"minecraft:torch":5,"minecraft:grass_block":39,"minecraft:poppy":4,"minecraft:tall_grass":38,"minecraft:cobblestone":9,"minecraft:wall_torch":6,"minecraft:hay_block":6,"minecraft:birch_planks":3,"minecraft:furnace":1,"minecraft:iron_ore":44,"minecraft:wheat":7,"create:copper_ore":1,"minecraft:azure_bluet":1,"minecraft:grass":361,"minecraft:oak_log":120,"minecraft:potatoes":2,"minecraft:coal_ore":78,"iceandfire:silver_pile":1,"minecraft:dirt":6,"minecraft:stone":65,"minecraft:gold_ore":6,"minecraft:oak_leaves":79},"minecraft:crafted":{"minecraft:cooked_cod":1,"minecraft:oak_door":3,"minecraft:oak_planks":156,"minecraft:fishing_rod":1,"minecraft:crafting_table":3,"minecraft:iron_helmet":1,"minecraft:wooden_pickaxe":1,"minecraft:furnace":1,"minecraft:cooked_salmon":4,"minecraft:bone_meal":42,"minecraft:bucket":1,"minecraft:stone_axe":1,"minecraft:bread":25,"minecraft:air":0,"minecraft:iron_boots":1,"minecraft:iron_chestplate":1,"minecraft:shield":1,"minecraft:iron_axe":1,"quark:oak_chest":2,"minecraft:stick":32,"minecraft:iron_ingot":44,"minecraft:iron_pickaxe":1,"minecraft:stone_pickaxe":1,"minecraft:iron_shovel":1,"minecraft:iron_leggings":1,"minecraft:torch":60,"minecraft:stone_hoe":1,"minecraft:shears":1,"minecraft:wheat":54},"minecraft:broken":{"minecraft:stone_pickaxe":1,"minecraft:stone_axe":1},"minecraft:killed":{"minecraft:spider":2,"minecraft:creeper":3,"minecraft:sheep":1,"minecraft:skeleton":11,"minecraft:zombie":4},"minecraft:used":{"minecraft:wheat_seeds":45,"minecraft:water_bucket":8,"minecraft:iron_shovel":14,"minecraft:birch_planks":2,"minecraft:stone_pickaxe":133,"minecraft:oak_planks":90,"minecraft:shield":2,"minecraft:wooden_pickaxe":3,"minecraft:cooked_salmon":1,"minecraft:stone_hoe":43,"minecraft:rotten_flesh":4,"minecraft:oak_door":6,"minecraft:torch":45,"minecraft:dirt":57,"minecraft:crafting_table":5,"minecraft:white_bed":1,"minecraft:cod":1,"minecraft:oak_log":18,"minecraft:apple":3,"minecraft:iron_axe":133,"minecraft:bread":14,"minecraft:iron_pickaxe":79,"quark:root_item":1,"minecraft:stone_axe":116,"minecraft:fishing_rod":9,"minecraft:bow":12,"minecraft:cobblestone":95,"minecraft:oak_sapling":2,"minecraft:furnace":2,"minecraft:cooked_cod":1,"minecraft:bucket":9,"quark:oak_chest":2,"minecraft:potato":1,"minecraft:bone_meal":42},"minecraft:picked_up":{"minecraft:wheat":22,"minecraft:crafting_table":2,"minecraft:azure_bluet":1,"minecraft:salmon":4,"minecraft:potato":4,"minecraft:birch_planks":2,"minecraft:oak_log":116,"minecraft:gunpowder":4,"minecraft:string":12,"minecraft:dirt":66,"minecraft:iron_axe":1,"minecraft:leather_boots":2,"minecraft:pufferfish":2,"minecraft:bone":14,"create:copper_ore":1,"minecraft:bow":1,"minecraft:wheat_seeds":82,"minecraft:iron_ingot":5,"minecraft:iron_ore":44,"minecraft:poppy":3,"quark:root_item":1,"minecraft:furnace":1,"minecraft:stick":17,"minecraft:oak_door":3,"minecraft:oak_fence":2,"minecraft:torch":9,"iceandfire:silver_ore":16,"minecraft:white_bed":1,"minecraft:gold_ore":6,"minecraft:spider_eye":2,"minecraft:arrow":13,"minecraft:rotten_flesh":4,"minecraft:hay_block":6,"minecraft:bread":1,"minecraft:oak_sapling":3,"minecraft:cod":2,"iceandfire:silver_nugget":2,"minecraft:coal":78,"minecraft:cobblestone":227},"minecraft:dropped":{"iceandfire:silver_nugget":2,"minecraft:bread":15,"minecraft:wheat_seeds":13,"minecraft:azure_bluet":1,"minecraft:golden_apple":1,"minecraft:cooked_salmon":3,"minecraft:leather_boots":1,"minecraft:oak_sapling":1,"minecraft:spider_eye":1,"minecraft:iron_axe":1,"minecraft:wooden_pickaxe":1},"minecraft:custom":{"minecraft:interact_with_furnace":14,"minecraft:mob_kills":20,"minecraft:interact_with_crafting_table":26,"minecraft:play_one_minute":74618,"minecraft:leave_game":1,"minecraft:time_since_death":70555,"minecraft:sleep_in_bed":3,"minecraft:time_since_rest":24013,"minecraft:sprint_one_cm":202188,"minecraft:damage_taken":1188,"minecraft:walk_one_cm":214918,"minecraft:damage_blocked_by_shield":80,"minecraft:drop":39,"minecraft:damage_dealt":3222,"minecraft:swim_one_cm":1960,"minecraft:fly_one_cm":179519,"minecraft:open_chest":23,"minecraft:crouch_one_cm":7123,"minecraft:deaths":1,"minecraft:sneak_time":1999,"minecraft:walk_under_water_one_cm":14553,"minecraft:jump":1177,"minecraft:walk_on_water_one_cm":5605,"minecraft:fish_caught":8,"minecraft:fall_one_cm":34377}},"DataVersion":2586}