{"stats":{"minecraft:mined":{"iceandfire:silver_ore":8,"minecraft:oak_door":2,"minecraft:crafting_table":2,"minecraft:torch":3,"minecraft:cobblestone":3,"minecraft:wall_torch":6,"minecraft:hay_block":6,"minecraft:birch_planks":3,"minecraft:furnace":1,"minecraft:iron_ore":44,"create:copper_ore":1,"minecraft:azure_bluet":1,"minecraft:grass":8,"minecraft:oak_log":59,"minecraft:potatoes":1,"minecraft:coal_ore":64,"iceandfire:silver_pile":1,"minecraft:dirt":5,"minecraft:stone":59,"minecraft:gold_ore":6,"minecraft:oak_leaves":33},"minecraft:crafted":{"minecraft:oak_door":3,"minecraft:oak_planks":124,"minecraft:crafting_table":3,"minecraft:wooden_pickaxe":1,"minecraft:furnace":1,"minecraft:stone_axe":1,"minecraft:bread":18,"minecraft:air":0,"minecraft:stick":20,"minecraft:iron_ingot":5,"minecraft:iron_pickaxe":1,"minecraft:stone_pickaxe":1,"minecraft:torch":28,"minecraft:wheat":54},"minecraft:broken":{"minecraft:stone_pickaxe":1},"minecraft:killed":{"minecraft:skeleton":4,"minecraft:zombie":1},"minecraft:used":{"minecraft:birch_planks":2,"minecraft:stone_pickaxe":133,"minecraft:oak_planks":42,"minecraft:wooden_pickaxe":3,"minecraft:oak_door":5,"minecraft:torch":31,"minecraft:dirt":18,"minecraft:crafting_table":5,"minecraft:oak_log":4,"minecraft:apple":3,"minecraft:bread":7,"minecraft:iron_pickaxe":53,"quark:root_item":1,"minecraft:stone_axe":102,"minecraft:cobblestone":35,"minecraft:furnace":2,"minecraft:potato":1},"minecraft:picked_up":{"minecraft:crafting_table":2,"minecraft:azure_bluet":1,"minecraft:potato":1,"minecraft:birch_planks":2,"minecraft:oak_log":55,"minecraft:dirt":26,"minecraft:bone":6,"create:copper_ore":1,"minecraft:bow":1,"minecraft:wheat_seeds":1,"minecraft:iron_ore":44,"quark:root_item":1,"minecraft:furnace":1,"minecraft:stick":3,"minecraft:oak_door":2,"minecraft:oak_fence":2,"minecraft:torch":9,"iceandfire:silver_ore":16,"minecraft:gold_ore":6,"minecraft:arrow":7,"minecraft:rotten_flesh":2,"minecraft:hay_block":6,"minecraft:bread":1,"iceandfire:silver_nugget":2,"minecraft:coal":64,"minecraft:cobblestone":68},"minecraft:dropped":{"iceandfire:silver_nugget":2,"minecraft:bread":8,"minecraft:wooden_pickaxe":1},"minecraft:custom":{"minecraft:interact_with_furnace":7,"minecraft:mob_kills":5,"minecraft:interact_with_crafting_table":13,"minecraft:play_one_minute":35165,"minecraft:time_since_death":31102,"minecraft:sleep_in_bed":2,"minecraft:time_since_rest":22412,"minecraft:sprint_one_cm":75804,"minecraft:damage_taken":730,"minecraft:walk_one_cm":76785,"minecraft:drop":11,"minecraft:damage_dealt":1049,"minecraft:swim_one_cm":1960,"minecraft:fly_one_cm":78702,"minecraft:open_chest":7,"minecraft:crouch_one_cm":4315,"minecraft:deaths":1,"minecraft:sneak_time":1461,"minecraft:walk_under_water_one_cm":13288,"minecraft:jump":526,"minecraft:walk_on_water_one_cm":3820,"minecraft:fall_one_cm":15761}},"DataVersion":2586}