{"stats":{"minecraft:mined":{"minecraft:grass":1,"iceandfire:silver_pile":1,"minecraft:oak_log":11,"minecraft:oak_leaves":10},"minecraft:crafted":{"minecraft:oak_planks":36},"minecraft:used":{"minecraft:oak_log":1},"minecraft:picked_up":{"minecraft:stick":1,"minecraft:oak_log":10,"iceandfire:silver_nugget":2},"minecraft:dropped":{"iceandfire:silver_nugget":2},"minecraft:custom":{"minecraft:open_chest":7,"minecraft:time_since_rest":0,"minecraft:crouch_one_cm":1180,"minecraft:play_one_minute":11165,"minecraft:deaths":1,"minecraft:sprint_one_cm":45631,"minecraft:damage_taken":280,"minecraft:walk_one_cm":22698,"minecraft:sneak_time":433,"minecraft:walk_under_water_one_cm":4042,"minecraft:drop":2,"minecraft:jump":228,"minecraft:walk_on_water_one_cm":1296,"minecraft:time_since_death":7102,"minecraft:sleep_in_bed":1,"minecraft:swim_one_cm":1813,"minecraft:fall_one_cm":7612,"minecraft:fly_one_cm":41620}},"DataVersion":2586}