{"stats":{"minecraft:custom":{"minecraft:interact_with_furnace":18,"minecraft:mob_kills":22,"minecraft:interact_with_crafting_table":30,"minecraft:play_one_minute":91371,"minecraft:leave_game":1,"minecraft:time_since_death":87308,"minecraft:sleep_in_bed":4,"minecraft:time_since_rest":7319,"minecraft:sprint_one_cm":217477,"minecraft:damage_taken":1346,"minecraft:walk_one_cm":257237,"minecraft:damage_blocked_by_shield":80,"minecraft:drop":39,"minecraft:damage_dealt":3625,"minecraft:swim_one_cm":1960,"minecraft:fly_one_cm":202266,"minecraft:open_chest":27,"minecraft:crouch_one_cm":14835,"minecraft:deaths":1,"minecraft:sneak_time":3174,"minecraft:walk_under_water_one_cm":14729,"minecraft:jump":1396,"minecraft:walk_on_water_one_cm":6416,"minecraft:fish_caught":17,"minecraft:fall_one_cm":40186},"minecraft:broken":{"minecraft:stone_pickaxe":1,"minecraft:stone_axe":1},"minecraft:used":{"minecraft:water_bucket":10,"minecraft:wheat_seeds":48,"minecraft:iron_shovel":193,"minecraft:birch_planks":2,"minecraft:stone_pickaxe":133,"minecraft:oak_planks":90,"minecraft:wooden_pickaxe":3,"minecraft:shield":2,"minecraft:composter":1,"minecraft:cooked_salmon":1,"minecraft:stone_hoe":43,"minecraft:rotten_flesh":4,"minecraft:oak_door":6,"minecraft:torch":45,"minecraft:dirt":57,"minecraft:oak_slab":5,"minecraft:crafting_table":5,"minecraft:white_bed":1,"minecraft:cod":1,"minecraft:oak_log":18,"minecraft:apple":3,"minecraft:iron_axe":143,"minecraft:bread":15,"minecraft:iron_pickaxe":173,"quark:root_item":1,"minecraft:pufferfish":1,"minecraft:stone_axe":116,"minecraft:fishing_rod":23,"minecraft:cobblestone":95,"minecraft:bow":13,"minecraft:oak_sapling":2,"minecraft:furnace":2,"minecraft:cooked_cod":1,"minecraft:bucket":11,"quark:oak_chest":2,"minecraft:potato":8,"minecraft:bone_meal":42},"minecraft:picked_up":{"minecraft:crafting_table":2,"minecraft:wheat":25,"minecraft:azure_bluet":1,"minecraft:salmon":7,"minecraft:potato":7,"minecraft:birch_planks":2,"minecraft:oak_log":116,"minecraft:gunpowder":4,"minecraft:dirt":107,"minecraft:string":12,"minecraft:iron_axe":1,"minecraft:leather_boots":2,"minecraft:pufferfish":4,"minecraft:bone":15,"create:copper_ore":1,"minecraft:bow":1,"minecraft:wheat_seeds":91,"minecraft:iron_ingot":5,"minecraft:iron_ore":44,"minecraft:poppy":3,"quark:root_item":1,"minecraft:furnace":1,"minecraft:stick":17,"minecraft:oak_door":3,"minecraft:oak_fence":2,"minecraft:torch":9,"minecraft:gravel":3,"iceandfire:silver_ore":16,"minecraft:white_bed":1,"minecraft:gold_ore":6,"minecraft:spider_eye":2,"minecraft:arrow":13,"minecraft:rotten_flesh":4,"minecraft:hay_block":6,"minecraft:bread":1,"minecraft:oak_sapling":3,"iceandfire:silver_nugget":2,"minecraft:cod":6,"minecraft:coal":78,"minecraft:snowball":114,"minecraft:cobblestone":317},"minecraft:killed":{"minecraft:spider":2,"minecraft:creeper":3,"minecraft:sheep":1,"minecraft:skeleton":11,"minecraft:zombie":6},"minecraft:dropped":{"iceandfire:silver_nugget":2,"minecraft:bread":15,"minecraft:wheat_seeds":13,"minecraft:azure_bluet":1,"minecraft:golden_apple":1,"minecraft:leather_boots":1,"minecraft:cooked_salmon":3,"minecraft:oak_sapling":1,"minecraft:spider_eye":1,"minecraft:iron_axe":1,"minecraft:wooden_pickaxe":1},"minecraft:mined":{"minecraft:white_bed":1,"iceandfire:silver_ore":8,"minecraft:oak_door":3,"minecraft:crafting_table":2,"minecraft:torch":5,"minecraft:grass_block":72,"minecraft:poppy":4,"minecraft:tall_grass":38,"minecraft:cobblestone":9,"minecraft:wall_torch":6,"minecraft:hay_block":6,"minecraft:birch_planks":3,"minecraft:furnace":1,"minecraft:iron_ore":44,"minecraft:snow":129,"minecraft:wheat":10,"create:copper_ore":1,"minecraft:azure_bluet":1,"minecraft:grass":361,"minecraft:potatoes":2,"minecraft:oak_log":120,"minecraft:coal_ore":78,"iceandfire:silver_pile":1,"minecraft:gravel":3,"minecraft:dirt":20,"minecraft:stone":159,"minecraft:gold_ore":6,"minecraft:oak_leaves":79},"minecraft:crafted":{"minecraft:oak_door":3,"minecraft:cooked_cod":1,"minecraft:oak_slab":12,"minecraft:oak_planks":392,"minecraft:fishing_rod":1,"minecraft:crafting_table":3,"minecraft:iron_helmet":1,"minecraft:wooden_pickaxe":1,"minecraft:furnace":1,"minecraft:cooked_salmon":4,"minecraft:bucket":1,"minecraft:bone_meal":42,"minecraft:stone_axe":1,"minecraft:bread":26,"minecraft:air":0,"minecraft:iron_boots":1,"minecraft:iron_chestplate":1,"minecraft:shield":1,"minecraft:iron_axe":1,"quark:oak_chest":2,"minecraft:stick":32,"minecraft:iron_ingot":44,"minecraft:iron_pickaxe":1,"minecraft:stone_pickaxe":1,"minecraft:iron_shovel":1,"minecraft:iron_leggings":1,"minecraft:composter":1,"minecraft:torch":60,"minecraft:stone_hoe":1,"minecraft:shears":1,"minecraft:wheat":54}},"DataVersion":2586}