{"stats":{"minecraft:used":{"sophisticatedbackpacks:iron_backpack":1,"minecraft:iron_shovel":314,"iceandfire:silver_sword":89,"minecraft:shield":12,"minecraft:grass":2,"minecraft:cooked_salmon":4,"minecraft:stone_hoe":44,"minecraft:rotten_flesh":9,"minecraft:oak_door":6,"minecraft:torch":83,"minecraft:dirt":65,"minecraft:carrot":72,"minecraft:snowball":3,"alexsmobs:maggot":1,"minecraft:iron_axe":225,"minecraft:grass_block":1,"minecraft:bow":13,"minecraft:oak_sapling":6,"minecraft:furnace":4,"minecraft:cooked_cod":5,"minecraft:egg":1,"minecraft:potato":135,"minecraft:wheat_seeds":75,"minecraft:water_bucket":55,"minecraft:birch_planks":2,"minecraft:stone_pickaxe":133,"minecraft:baked_potato":8,"minecraft:oak_planks":92,"minecraft:wooden_pickaxe":3,"minecraft:composter":1,"minecraft:white_wool":1,"minecraft:rail":1,"minecraft:oak_slab":325,"minecraft:crafting_table":6,"minecraft:white_bed":1,"minecraft:cod":1,"minecraft:shears":3,"minecraft:smoker":1,"minecraft:oak_log":18,"sophisticatedbackpacks:backpack":1,"minecraft:apple":3,"minecraft:bread":30,"minecraft:iron_pickaxe":956,"minecraft:gravel":5,"quark:root_item":2,"minecraft:pufferfish":2,"minecraft:stone_axe":116,"minecraft:fishing_rod":23,"minecraft:cobblestone":665,"minecraft:poisonous_potato":1,"minecraft:bucket":57,"minecraft:yellow_bed":2,"minecraft:dandelion":1,"quark:oak_chest":7,"minecraft:bone_meal":109},"minecraft:broken":{"minecraft:iron_shovel":1,"minecraft:stone_pickaxe":1,"minecraft:iron_axe":1,"minecraft:stone_axe":1,"minecraft:iron_pickaxe":3},"minecraft:dropped":{"minecraft:bread":15,"minecraft:wheat_seeds":14,"minecraft:baked_potato":15,"quark:marble":6,"iceandfire:gorgon_head":1,"minecraft:golden_apple":1,"minecraft:grass":2,"minecraft:cooked_salmon":3,"minecraft:snowball":113,"minecraft:iron_axe":1,"minecraft:white_wool":1,"minecraft:dandelion":1,"iceandfire:silver_nugget":2,"minecraft:azure_bluet":1,"minecraft:carrot":1,"minecraft:shield":1,"minecraft:gunpowder":1,"minecraft:leather_boots":2,"minecraft:oak_sapling":2,"minecraft:spider_eye":2,"minecraft:iron_ore":2,"minecraft:wooden_pickaxe":1,"minecraft:red_tulip":2},"minecraft:custom":{"minecraft:mob_kills":61,"minecraft:interact_with_crafting_table":77,"minecraft:leave_game":3,"minecraft:time_since_death":92823,"minecraft:sprint_one_cm":619378,"minecraft:walk_one_cm":634197,"minecraft:damage_blocked_by_shield":390,"minecraft:drop":188,"minecraft:deaths":5,"minecraft:sneak_time":12775,"minecraft:walk_under_water_one_cm":180217,"minecraft:jump":4056,"minecraft:walk_on_water_one_cm":81435,"minecraft:interact_with_furnace":91,"minecraft:play_one_minute":266095,"minecraft:sleep_in_bed":11,"minecraft:time_since_rest":9134,"minecraft:damage_taken":2147483647,"minecraft:damage_dealt":11405,"minecraft:swim_one_cm":46192,"minecraft:fly_one_cm":609991,"minecraft:open_chest":181,"minecraft:crouch_one_cm":64454,"minecraft:interact_with_smoker":22,"minecraft:fish_caught":17,"minecraft:fall_one_cm":124052},"minecraft:picked_up":{"minecraft:fishing_rod":1,"minecraft:crafting_table":2,"minecraft:iron_chestplate":4,"minecraft:wheat":84,"minecraft:azure_bluet":1,"minecraft:clay_ball":14,"minecraft:enchanted_book":1,"minecraft:shield":5,"minecraft:string":18,"minecraft:iron_axe":4,"minecraft:iron_leggings":4,"minecraft:iron_shovel":3,"minecraft:pufferfish":4,"quark:root_item":2,"minecraft:poppy":3,"minecraft:iron_pickaxe":6,"minecraft:egg":1,"minecraft:iron_boots":4,"minecraft:furnace":2,"minecraft:stick":66,"minecraft:oak_door":3,"minecraft:oak_fence":4,"minecraft:torch":122,"iceandfire:silver_ore":16,"sophisticatedbackpacks:backpack":3,"farmersdelight:tomato_seeds":4,"minecraft:carrot":85,"iceandfire:silver_ingot":2,"minecraft:arrow":34,"minecraft:cooked_cod":2,"minecraft:rotten_flesh":18,"minecraft:hay_block":6,"minecraft:red_tulip":3,"minecraft:white_wool":11,"minecraft:cobblestone":1954,"quark:marble":12,"minecraft:cod":6,"minecraft:snowball":222,"minecraft:rail":3,"minecraft:water_bucket":4,"minecraft:salmon":11,"minecraft:potato":310,"minecraft:birch_planks":2,"minecraft:flint":3,"minecraft:oak_log":140,"iceandfire:ectoplasm":3,"minecraft:yellow_bed":3,"minecraft:gunpowder":9,"minecraft:dirt":381,"minecraft:leather_boots":4,"minecraft:bone":37,"create:copper_ore":1,"minecraft:apple":3,"minecraft:bow":5,"minecraft:wheat_seeds":246,"minecraft:iron_ingot":15,"minecraft:iron_ore":108,"minecraft:oak_planks":433,"minecraft:oak_slab":81,"minecraft:dandelion":2,"minecraft:poisonous_potato":3,"minecraft:gravel":13,"artifacts:scarf_of_invisibility":1,"minecraft:white_bed":1,"minecraft:grass_block":4,"minecraft:gold_ore":6,"quark:oak_chest":3,"minecraft:spider_eye":3,"minecraft:pumpkin_seeds":2,"minecraft:iron_helmet":4,"minecraft:grass":4,"minecraft:bone_meal":7,"minecraft:oak_sapling":8,"minecraft:bread":10,"iceandfire:gorgon_head":1,"alexsmobs:maggot":1,"minecraft:baked_potato":9,"farmersdelight:cooked_salmon_slice":5,"iceandfire:silver_nugget":2,"minecraft:coal":289},"minecraft:crafted":{"minecraft:oak_door":3,"minecraft:oak_planks":472,"minecraft:fishing_rod":2,"minecraft:furnace":3,"minecraft:bone_meal":102,"minecraft:iron_boots":1,"iceandfire:armor_silver_metal_leggings":1,"minecraft:iron_axe":2,"minecraft:stone_pickaxe":1,"minecraft:stone_hoe":1,"sophisticatedbackpacks:iron_backpack":2,"minecraft:smoker":1,"minecraft:wheat":54,"minecraft:cooked_cod":5,"minecraft:oak_slab":378,"iceandfire:silver_ingot":8,"minecraft:crafting_table":4,"minecraft:iron_helmet":1,"minecraft:wooden_pickaxe":1,"minecraft:baked_potato":137,"minecraft:cooked_salmon":7,"minecraft:bucket":2,"minecraft:stone_axe":1,"minecraft:bread":41,"minecraft:air":0,"minecraft:iron_chestplate":1,"minecraft:shield":1,"minecraft:stick":68,"quark:oak_chest":4,"minecraft:iron_ingot":104,"minecraft:iron_pickaxe":9,"minecraft:iron_shovel":2,"minecraft:iron_leggings":1,"minecraft:white_bed":3,"minecraft:composter":1,"minecraft:torch":112,"iceandfire:silver_sword":3,"minecraft:shears":1},"minecraft:mined":{"minecraft:white_bed":1,"iceandfire:silver_ore":8,"minecraft:oak_door":3,"minecraft:grass_block":101,"minecraft:hay_block":6,"minecraft:furnace":2,"minecraft:carrots":23,"iceandfire:copper_ore":1,"minecraft:iron_ore":105,"minecraft:snow":134,"create:copper_ore":1,"minecraft:azure_bluet":1,"minecraft:potatoes":82,"minecraft:rail":1,"minecraft:stone":761,"sophisticatedbackpacks:backpack":1,"minecraft:white_wool":1,"minecraft:oak_slab":15,"quark:oak_chest":3,"minecraft:dandelion":1,"minecraft:crafting_table":2,"minecraft:torch":6,"minecraft:poppy":4,"minecraft:tall_grass":42,"minecraft:cobblestone":57,"minecraft:oak_planks":2,"minecraft:wall_torch":7,"minecraft:birch_planks":3,"minecraft:wheat":75,"quark:marble":6,"minecraft:ice":8,"minecraft:yellow_bed":2,"minecraft:grass":370,"minecraft:oak_log":144,"minecraft:coal_ore":93,"iceandfire:silver_pile":1,"minecraft:gravel":15,"minecraft:dirt":101,"minecraft:gold_ore":6,"minecraft:oak_leaves":94},"minecraft:killed":{"mca:female_zombie_villager":1,"minecraft:spider":5,"minecraft:skeleton":13,"minecraft:creeper":4,"minecraft:sheep":1,"minecraft:zombie":11,"iceandfire:ghost":1,"alexsmobs:fly":1,"alexsmobs:crow":3,"minecraft:enderman":2},"minecraft:killed_by":{"minecraft:player":1,"minecraft:creeper":1}},"DataVersion":2586}