{"stats":{"minecraft:custom":{"minecraft:animals_bred":1,"minecraft:interact_with_crafting_table":173,"minecraft:open_barrel":15,"minecraft:bell_ring":2,"minecraft:leave_game":12,"minecraft:time_since_death":21913,"minecraft:sprint_one_cm":2564225,"minecraft:damage_blocked_by_shield":1940,"minecraft:drop":755,"minecraft:talked_to_villager":2,"minecraft:deaths":32,"tombstone:tomb_raiding":1,"minecraft:jump":16193,"minecraft:walk_on_water_one_cm":241879,"minecraft:interact_with_furnace":228,"minecraft:play_record":4,"minecraft:play_one_minute":878617,"minecraft:sleep_in_bed":42,"minecraft:damage_dealt":65797,"minecraft:player_kills":6,"minecraft:crouch_one_cm":111762,"tombstone:undead_killed":84,"minecraft:interact_with_smoker":46,"minecraft:horse_one_cm":379,"minecraft:mob_kills":340,"minecraft:damage_dealt_resisted":150,"minecraft:climb_one_cm":22958,"minecraft:walk_one_cm":2245885,"minecraft:sneak_time":25499,"minecraft:walk_under_water_one_cm":256698,"minecraft:boat_one_cm":14221,"tombstone:raider_killed":19,"minecraft:pot_flower":1,"minecraft:raid_trigger":1,"minecraft:time_since_rest":21446,"minecraft:damage_taken":2147483647,"minecraft:trigger_trapped_chest":10,"minecraft:swim_one_cm":251379,"minecraft:fly_one_cm":2753691,"minecraft:open_chest":307,"minecraft:fish_caught":26,"minecraft:fall_one_cm":429723},"minecraft:crafted":{"minecraft:oak_planks":516,"minecraft:cooked_mutton":4,"iceandfire:armor_silver_metal_chestplate":1,"minecraft:iron_boots":1,"iceandfire:armor_silver_metal_leggings":1,"minecraft:stone_hoe":1,"minecraft:smoker":1,"minecraft:oak_slab":378,"sophisticatedbackpacks:backpack":1,"minecraft:crafting_table":49,"minecraft:spruce_planks":580,"minecraft:iron_helmet":1,"minecraft:wooden_pickaxe":1,"minecraft:baked_potato":280,"minecraft:iron_chestplate":1,"minecraft:shield":1,"minecraft:stick":216,"quark:oak_chest":4,"minecraft:iron_ingot":341,"minecraft:iron_pickaxe":22,"minecraft:gold_ingot":30,"iceandfire:dragon_horn":1,"iceandfire:stymphalian_feather_bundle":1,"minecraft:composter":1,"iceandfire:silver_sword":3,"minecraft:shears":1,"minecraft:golden_carrot":28,"minecraft:oak_door":3,"minecraft:fishing_rod":3,"mowziesmobs:naga_fang_dagger":1,"minecraft:furnace":7,"iceandfire:dragon_flute":1,"minecraft:bone_meal":186,"minecraft:spruce_stairs":4,"minecraft:iron_axe":4,"minecraft:stone_pickaxe":1,"quark:spruce_chest":6,"minecraft:wheat":54,"sophisticatedbackpacks:iron_backpack":3,"minecraft:cooked_beef":11,"minecraft:coal_block":2,"minecraft:red_dye":5,"minecraft:cooked_cod":8,"iceandfire:silver_ingot":27,"alexsmobs:cooked_moose_ribs":3,"tombstone:ankh_of_pray":1,"minecraft:cooked_salmon":7,"minecraft:bucket":3,"minecraft:stone_axe":1,"minecraft:bread":41,"minecraft:air":0,"minecraft:golden_apple":1,"minecraft:gold_nugget":279,"minecraft:iron_shovel":2,"minecraft:iron_leggings":1,"minecraft:white_bed":6,"minecraft:torch":664,"mca:wedding_ring":1},"minecraft:killed":{"minecraft:cave_spider":2,"iceandfire:hippogryph":2,"minecraft:witch":4,"minecraft:spider":27,"alexsmobs:shoebill":1,"iceandfire:stymphalian_bird":3,"minecraft:skeleton":62,"artifacts:mimic":1,"minecraft:wolf":1,"minecraft:creeper":18,"minecraft:sheep":8,"minecraft:pillager":15,"minecraft:zombie":75,"minecraft:stray":7,"alexsmobs:fly":2,"iceandfire:pixie":1,"minecraft:cow":18,"mca:female_zombie_villager":1,"minecraft:vindicator":3,"minecraft:slime":2,"iceandfire:siren":1,"alexsmobs:cockroach":1,"iceandfire:ghost":9,"alexsmobs:moose":2,"alexsmobs:crow":5,"minecraft:enderman":3},"minecraft:killed_by":{"minecraft:creeper":8,"minecraft:ravager":1,"minecraft:drowned":1,"iceandfire:stymphalian_bird":1,"minecraft:vindicator":1,"minecraft:player":1,"minecraft:wolf":3,"minecraft:stray":1,"iceandfire:hydra":2,"minecraft:skeleton":6,"iceandfire:ghost":2,"iceandfire:troll":1},"minecraft:dropped":{"sophisticatedbackpacks:iron_backpack":2,"iceandfire:troll_weapon_column_forest":2,"minecraft:iron_sword":3,"minecraft:brown_mushroom":2,"minecraft:cooked_beef":10,"minecraft:baked_potato":93,"minecraft:golden_pickaxe":1,"minecraft:crafting_table":85,"quark:marble":6,"minecraft:leather":2,"minecraft:cracked_stone_bricks":1,"iceandfire:gorgon_head":1,"minecraft:red_mushroom":3,"iceandfire:graveyard_soil":10,"minecraft:cod":2,"minecraft:dirt":4,"minecraft:grass":2,"tconstruct:materials_and_you":1,"minecraft:mutton":2,"iceandfire:armor_silver_metal_leggings":1,"minecraft:snowball":113,"quark:cobbled_deepslate":160,"minecraft:chain":4,"minecraft:gold_nugget":4,"minecraft:sand":65,"tconstruct:sky_slime_ball":128,"minecraft:iron_pickaxe":12,"minecraft:white_wool":21,"minecraft:bone":27,"iceandfire:stymphalian_bird_feather":25,"minecraft:sugar_cane":2,"alexsmobs:animal_dictionary":1,"minecraft:wheat":1,"minecraft:rotten_flesh":34,"minecraft:glowstone_dust":1,"minecraft:azure_bluet":1,"minecraft:honey_bottle":4,"evilcraft:flesh_humanoid":1,"iceandfire:copper_ore":5,"minecraft:carrot":1,"minecraft:gunpowder":4,"minecraft:leather_boots":2,"minecraft:chainmail_boots":1,"iceandfire:pixie_dust":1,"minecraft:spruce_slab":3,"minecraft:iron_ore":3,"tetra:modular_double":1,"minecraft:beef":2,"mca:book_rose_gold":1,"iceandfire:manuscript":12,"farmersdelight:tomato_seeds":1,"minecraft:iron_ingot":30,"minecraft:bread":42,"minecraft:wheat_seeds":22,"minecraft:tnt":1,"minecraft:poisonous_potato":2,"minecraft:prismarine_shard":2,"minecraft:feather":2,"minecraft:cobblestone":70,"minecraft:prismarine_crystals":4,"minecraft:apple":3,"minecraft:coal":62,"minecraft:golden_apple":2,"quark:slate":1,"tombstone:ankh_of_pray":1,"iceandfire:dragon_flute":3,"minecraft:stick":24,"minecraft:pufferfish":2,"minecraft:golden_carrot":4,"iceandfire:copper_nugget":4,"minecraft:torch":151,"iceandfire:silver_sword":5,"minecraft:rose_bush":1,"minecraft:cooked_salmon":3,"iceandfire:armor_silver_metal_chestplate":1,"tombstone:grave_dust":12,"minecraft:potion":1,"minecraft:iron_leggings":1,"minecraft:heart_of_the_sea":1,"minecraft:white_banner":1,"minecraft:iron_axe":1,"minecraft:red_dye":5,"minecraft:string":12,"minecraft:dandelion":1,"iceandfire:silver_nugget":2,"minecraft:bricks":6,"minecraft:kelp":4,"alexsmobs:maggot":1,"minecraft:stone_sword":4,"tetra:geode":7,"tconstruct:skyroot_log":39,"farmersdelight:cabbage_seeds":2,"minecraft:clay_ball":28,"minecraft:shears":1,"minecraft:filled_map":4,"quark:smooth_basalt":6,"minecraft:potato":1,"minecraft:shield":1,"minecraft:spruce_planks":27,"minecraft:iron_chestplate":1,"minecraft:andesite":288,"minecraft:oak_boat":1,"minecraft:oak_sapling":2,"minecraft:spruce_log":8,"minecraft:spider_eye":10,"minecraft:stone_bricks":3,"minecraft:sandstone":27,"minecraft:stone_pickaxe":8,"minecraft:wooden_pickaxe":1,"minecraft:red_tulip":2},"minecraft:used":{"mahoutsukai:mahoujin_projector":1,"minecraft:iron_shovel":314,"quark:cobbled_deepslate":26,"minecraft:poppy":5,"minecraft:shield":80,"minecraft:iron_sword":221,"minecraft:grass":2,"minecraft:rotten_flesh":41,"minecraft:mutton":2,"minecraft:carrot":89,"minecraft:snowball":32,"minecraft:honey_bottle":8,"minecraft:bricks":6,"minecraft:grass_block":2,"mowziesmobs:naga_fang_dagger":1,"minecraft:birch_sapling":2,"iceandfire:ghost_chest":5,"quark:blue_blossom_sapling":1,"minecraft:stone_bricks":3,"quark:smooth_basalt":8,"minecraft:bow":13,"minecraft:oak_sapling":7,"minecraft:sweet_berries":15,"minecraft:furnace":12,"minecraft:cooked_cod":11,"minecraft:egg":1,"minecraft:potato":175,"iceandfire:pixie_jar_empty":1,"minecraft:stone_pickaxe":179,"minecraft:oak_planks":101,"minecraft:wooden_pickaxe":3,"minecraft:sandstone":17,"minecraft:composter":1,"minecraft:sugar_cane":4,"quark:music_disc_crickets":4,"minecraft:white_wool":1,"minecraft:sand":1,"tetra:modular_double":1,"minecraft:crossbow":28,"minecraft:shears":3,"sophisticatedbackpacks:backpack":2,"minecraft:bread":65,"minecraft:polished_granite":2,"minecraft:gravel":11,"minecraft:pufferfish":2,"alexsmobs:cooked_moose_ribs":3,"minecraft:fire_charge":3,"minecraft:andesite":8,"minecraft:poisonous_potato":1,"iceandfire:troll_weapon_column_forest":139,"minecraft:bone_meal":194,"minecraft:golden_pickaxe":45,"sophisticatedbackpacks:iron_backpack":4,"iceandfire:silver_sword":438,"minecraft:spruce_planks":73,"minecraft:cooked_salmon":6,"minecraft:stone_hoe":44,"minecraft:oak_door":6,"minecraft:torch":706,"minecraft:dirt":213,"minecraft:spruce_stairs":8,"tetra:scroll_rolled":5,"minecraft:golden_shovel":32,"minecraft:spruce_fence":1,"alexsmobs:maggot":1,"tombstone:ankh_of_pray":51,"quark:spruce_chest":6,"quark:slate":3,"minecraft:iron_axe":599,"carryon:entity_item":8,"evilcraft:flesh_humanoid":1,"minecraft:golden_carrot":12,"minecraft:beef":4,"tconstruct:sky_slime_bucket":8,"tombstone:gift":6,"minecraft:cooked_beef":1,"minecraft:wheat_seeds":75,"minecraft:cooked_mutton":7,"minecraft:water_bucket":118,"minecraft:birch_planks":2,"minecraft:baked_potato":149,"minecraft:terracotta":1,"minecraft:rail":1,"minecraft:tnt":1,"minecraft:oak_slab":325,"minecraft:crafting_table":94,"minecraft:white_bed":19,"minecraft:cod":1,"minecraft:spruce_log":14,"minecraft:smoker":2,"tconstruct:sky_slime_dirt":4,"tombstone:bag_of_seeds":1,"minecraft:oak_log":18,"minecraft:flower_pot":1,"minecraft:apple":17,"minecraft:iron_pickaxe":2954,"iceandfire:dragon_horn":2,"minecraft:spruce_sapling":44,"quark:root_item":35,"minecraft:stone_axe":116,"minecraft:cobblestone":801,"minecraft:fishing_rod":46,"minecraft:white_banner":1,"minecraft:cooked_porkchop":1,"minecraft:bucket":129,"minecraft:yellow_bed":6,"quark:oak_chest":7,"minecraft:wither_rose":2,"minecraft:dandelion":1,"minecraft:jukebox":2},"minecraft:broken":{"minecraft:iron_shovel":1,"minecraft:golden_shovel":1,"minecraft:stone_pickaxe":1,"minecraft:stone_axe":1,"minecraft:leather_helmet":1,"iceandfire:armor_silver_metal_leggings":1,"minecraft:leather_chestplate":1,"minecraft:iron_axe":2,"minecraft:iron_pickaxe":10,"minecraft:iron_helmet":1},"minecraft:mined":{"minecraft:spruce_planks":4,"minecraft:white_bed":13,"minecraft:grass_block":174,"sophisticatedbackpacks:iron_backpack":1,"minecraft:spawner":7,"minecraft:tall_seagrass":2,"minecraft:iron_ore":268,"minecraft:fire":3,"create:copper_ore":1,"minecraft:azure_bluet":1,"minecraft:potted_dandelion":1,"iceandfire:gold_pile":3,"minecraft:iron_bars":1,"tconstruct:sky_slime_fern":1,"tconstruct:sky_sky_slime_grass":4,"tetra:scroll_rolled":5,"minecraft:smoker":2,"minecraft:clay":4,"minecraft:torch":53,"minecraft:poppy":9,"quark:stone_speleothem":1,"iceandfire:ghost_chest":6,"minecraft:cobblestone":73,"minecraft:oak_planks":9,"minecraft:sugar_cane":5,"minecraft:bricks":11,"minecraft:wall_torch":42,"minecraft:skeleton_skull":1,"minecraft:seagrass":1,"quark:marble":6,"minecraft:wheat":76,"minecraft:jukebox":3,"minecraft:tnt":1,"minecraft:wither_rose":2,"minecraft:grass":421,"minecraft:oak_log":158,"minecraft:dirt":156,"minecraft:sand":49,"minecraft:oak_leaves":111,"minecraft:diamond_ore":8,"iceandfire:silver_ore":15,"minecraft:dark_oak_leaves":1,"minecraft:oak_door":3,"tetra:block_geode":4,"farmersdelight:wild_carrots":1,"mahoutsukai:mahoujin_projector":4,"quark:cobbled_deepslate":3,"minecraft:spruce_leaves":369,"minecraft:sandstone":44,"minecraft:large_fern":13,"minecraft:hay_block":6,"minecraft:redstone_ore":10,"minecraft:furnace":8,"minecraft:carrots":24,"iceandfire:copper_ore":1,"minecraft:snow":134,"minecraft:andesite":689,"quark:smooth_basalt":8,"minecraft:potatoes":114,"minecraft:vine":3,"minecraft:rail":1,"minecraft:stone":1353,"tconstruct:earth_congealed_slime":39,"sophisticatedbackpacks:backpack":1,"minecraft:white_wool":1,"iceandfire:pixie_jar_empty":1,"minecraft:oak_slab":15,"tconstruct:sky_slime_tall_grass":3,"quark:oak_chest":3,"minecraft:dandelion":2,"minecraft:polished_granite":2,"minecraft:crafting_table":52,"minecraft:rose_bush":1,"minecraft:tall_grass":53,"minecraft:lapis_ore":4,"minecraft:spruce_stairs":3,"tconstruct:sky_slime_leaves":14,"minecraft:birch_planks":3,"minecraft:sweet_berry_bush":5,"minecraft:ice":23,"minecraft:spruce_log":131,"minecraft:birch_leaves":7,"minecraft:grass_path":5,"minecraft:yellow_bed":6,"quark:deepslate":319,"minecraft:coal_ore":217,"iceandfire:silver_pile":1,"evilcraft:blood_stain":1,"quark:spruce_chest":1,"minecraft:gravel":44,"minecraft:cobweb":3,"minecraft:cracked_stone_bricks":1,"minecraft:terracotta":1,"minecraft:stone_bricks":3,"minecraft:gold_ore":11,"minecraft:fern":5,"tconstruct:sky_congealed_slime":36,"quark:root":84},"minecraft:picked_up":{"minecraft:iron_chestplate":5,"minecraft:wheat":86,"minecraft:chainmail_boots":1,"iceandfire:copper_ore":11,"minecraft:flower_pot":1,"minecraft:prismarine_shard":2,"minecraft:wither_rose":6,"minecraft:potion":1,"minecraft:enchanted_book":2,"minecraft:golden_shovel":1,"minecraft:infested_stone":25,"iceandfire:armor_silver_metal_chestplate":8,"iceandfire:manuscript":41,"minecraft:string":76,"minecraft:iron_leggings":5,"minecraft:pufferfish":6,"minecraft:gold_nugget":53,"minecraft:bucket":1,"minecraft:spruce_planks":205,"minecraft:rose_bush":1,"quark:root_item":42,"minecraft:iron_pickaxe":28,"minecraft:iron_boots":6,"minecraft:furnace":7,"minecraft:tipped_arrow":3,"iceandfire:pixie_dust":1,"minecraft:stick":183,"iceandfire:ghost_chest":8,"minecraft:jukebox":3,"minecraft:oak_fence":4,"minecraft:torch":836,"iceandfire:silver_ore":35,"minecraft:spruce_stairs":4,"tombstone:grave_dust":22,"iceandfire:troll_weapon_column_forest":5,"minecraft:stone_sword":6,"minecraft:rotten_flesh":124,"minecraft:red_tulip":3,"minecraft:cod":15,"minecraft:iron_bars":1,"quark:marble":12,"minecraft:snowball":251,"minecraft:cobblestone":4122,"minecraft:leather_chestplate":1,"minecraft:feather":2,"minecraft:lilac":2,"minecraft:water_bucket":18,"minecraft:andesite":2029,"minecraft:smoker":1,"minecraft:potato":471,"minecraft:flint":13,"evilcraft:flesh_humanoid":2,"minecraft:lapis_lazuli":27,"minecraft:dirt":594,"artifacts:flippers":1,"minecraft:polished_granite":2,"artifacts:shock_pendant":1,"minecraft:leather_boots":4,"minecraft:bone":170,"tetra:scroll_rolled":5,"create:copper_ore":1,"minecraft:bow":5,"minecraft:wheat_seeds":262,"minecraft:glowstone_dust":1,"tconstruct:sky_slime_sapling":3,"minecraft:oak_planks":474,"tetra:modular_double":1,"minecraft:poisonous_potato":7,"mahoutsukai:mahoujin_projector":1,"iceandfire:shiny_scales":15,"minecraft:sand":66,"sophisticatedbackpacks:iron_backpack":4,"iceandfire:stymphalian_bird_feather":32,"minecraft:grass_block":5,"alexsmobs:animal_dictionary":6,"quark:cobbled_deepslate":416,"minecraft:diamond":8,"minecraft:crossbow":1,"minecraft:bone_meal":8,"minecraft:grass":4,"alexsmobs:moose_ribs":3,"minecraft:bread":20,"iceandfire:gorgon_head":1,"alexsmobs:maggot":2,"minecraft:oak_sapling":11,"minecraft:bricks":12,"iceandfire:silver_nugget":2,"iceandfire:copper_ingot":2,"minecraft:cocoa_beans":4,"minecraft:fishing_rod":11,"minecraft:crafting_table":137,"minecraft:azure_bluet":1,"minecraft:clay_ball":82,"minecraft:golden_pickaxe":1,"minecraft:brown_mushroom":4,"tconstruct:materials_and_you":2,"tconstruct:skyroot_log":39,"mca:book_rose_gold":6,"minecraft:chain":4,"minecraft:shield":17,"minecraft:iron_axe":4,"minecraft:iron_shovel":3,"iceandfire:graveyard_soil":10,"minecraft:cracked_stone_bricks":1,"quark:spruce_chest":1,"minecraft:beef":34,"iceandfire:armor_silver_metal_leggings":9,"minecraft:poppy":13,"minecraft:sugar_cane":6,"minecraft:birch_sapling":2,"minecraft:egg":1,"tombstone:ankh_of_pray":1,"minecraft:sandstone":44,"iceandfire:dragonbone":2,"minecraft:oak_door":3,"evilcraft:origins_of_darkness":1,"minecraft:spruce_fence":1,"sophisticatedbackpacks:backpack":3,"minecraft:fire_charge":3,"farmersdelight:tomato_seeds":4,"tconstruct:sky_slime_dirt":4,"minecraft:carrot":115,"minecraft:redstone":36,"minecraft:prismarine_crystals":8,"minecraft:tnt":1,"iceandfire:silver_ingot":11,"tconstruct:sky_slime_ball":145,"minecraft:arrow":150,"minecraft:cooked_cod":2,"quark:smooth_basalt":37,"minecraft:shears":1,"minecraft:hay_block":6,"artifacts:cross_necklace":1,"minecraft:gold_ingot":17,"minecraft:mutton":26,"minecraft:rail":3,"minecraft:skeleton_skull":5,"minecraft:white_wool":40,"quark:slate":4,"minecraft:salmon":11,"minecraft:leather":37,"minecraft:red_mushroom":9,"minecraft:birch_planks":2,"minecraft:filled_map":3,"minecraft:oak_log":157,"iceandfire:ectoplasm":17,"minecraft:yellow_bed":7,"minecraft:gunpowder":26,"minecraft:white_banner":2,"minecraft:cooked_mutton":6,"minecraft:stone_bricks":12,"minecraft:apple":8,"iceandfire:pixie_jar_empty":1,"quark:music_disc_crickets":8,"minecraft:kelp":4,"minecraft:iron_ingot":342,"minecraft:stone_pickaxe":14,"minecraft:iron_ore":711,"minecraft:cobweb":3,"tombstone:bag_of_seeds":1,"minecraft:iron_sword":7,"quark:blue_blossom_sapling":1,"minecraft:oak_slab":81,"iceandfire:copper_nugget":8,"minecraft:sweet_berries":15,"minecraft:dandelion":3,"minecraft:gravel":239,"minecraft:spruce_sapling":44,"minecraft:white_bed":13,"minecraft:spruce_log":160,"minecraft:gold_ore":91,"artifacts:scarf_of_invisibility":1,"quark:oak_chest":3,"minecraft:spider_eye":22,"mowziesmobs:naga_fang":1,"iceandfire:dragon_flute":3,"minecraft:pumpkin_seeds":2,"minecraft:slime_ball":152,"tetra:geode":32,"iceandfire:silver_sword":16,"minecraft:iron_helmet":8,"minecraft:terracotta":1,"minecraft:baked_potato":137,"tombstone:magic_scroll":6,"farmersdelight:cooked_salmon_slice":5,"minecraft:coal":1566}},"DataVersion":2586}