{"stats":{"minecraft:custom":{"minecraft:mob_kills":23,"minecraft:interact_with_crafting_table":32,"minecraft:leave_game":1,"minecraft:time_since_death":11218,"minecraft:sprint_one_cm":226356,"minecraft:walk_one_cm":288622,"minecraft:damage_blocked_by_shield":80,"minecraft:drop":41,"minecraft:deaths":2,"minecraft:sneak_time":4347,"minecraft:walk_under_water_one_cm":22696,"minecraft:jump":1601,"minecraft:walk_on_water_one_cm":10695,"minecraft:interact_with_furnace":23,"minecraft:play_one_minute":103371,"minecraft:sleep_in_bed":5,"minecraft:time_since_rest":4982,"minecraft:damage_taken":2147483647,"minecraft:damage_dealt":3891,"minecraft:swim_one_cm":3027,"minecraft:fly_one_cm":214333,"minecraft:open_chest":29,"minecraft:crouch_one_cm":21927,"minecraft:fish_caught":17,"minecraft:fall_one_cm":47334},"minecraft:broken":{"minecraft:iron_shovel":1,"minecraft:stone_pickaxe":1,"minecraft:stone_axe":1,"minecraft:iron_pickaxe":1},"minecraft:used":{"minecraft:iron_shovel":250,"minecraft:shield":2,"minecraft:cooked_salmon":1,"minecraft:stone_hoe":43,"minecraft:rotten_flesh":4,"minecraft:oak_door":6,"minecraft:torch":45,"minecraft:dirt":60,"minecraft:iron_axe":146,"minecraft:bow":13,"minecraft:furnace":2,"minecraft:oak_sapling":2,"minecraft:cooked_cod":3,"minecraft:potato":39,"minecraft:wheat_seeds":48,"minecraft:water_bucket":25,"minecraft:birch_planks":2,"minecraft:stone_pickaxe":133,"minecraft:oak_planks":90,"minecraft:wooden_pickaxe":3,"minecraft:composter":1,"minecraft:oak_slab":5,"minecraft:crafting_table":5,"minecraft:white_bed":1,"minecraft:cod":1,"minecraft:oak_log":18,"minecraft:apple":3,"minecraft:bread":15,"minecraft:iron_pickaxe":246,"quark:root_item":1,"minecraft:gravel":5,"minecraft:pufferfish":2,"minecraft:stone_axe":116,"minecraft:fishing_rod":23,"minecraft:cobblestone":95,"minecraft:bucket":26,"quark:oak_chest":2,"minecraft:bone_meal":46},"minecraft:killed_by":{"minecraft:player":1},"minecraft:picked_up":{"minecraft:crafting_table":2,"minecraft:iron_chestplate":1,"minecraft:wheat":26,"minecraft:azure_bluet":1,"minecraft:shield":1,"minecraft:string":14,"minecraft:iron_axe":2,"minecraft:iron_leggings":1,"minecraft:pufferfish":4,"minecraft:iron_shovel":1,"quark:root_item":1,"minecraft:poppy":3,"minecraft:iron_pickaxe":1,"minecraft:iron_boots":1,"minecraft:furnace":1,"minecraft:stick":34,"minecraft:oak_door":3,"minecraft:oak_fence":2,"minecraft:torch":45,"iceandfire:silver_ore":16,"minecraft:arrow":13,"minecraft:rotten_flesh":4,"minecraft:hay_block":6,"minecraft:cod":6,"minecraft:snowball":213,"minecraft:cobblestone":577,"minecraft:water_bucket":1,"minecraft:salmon":11,"minecraft:potato":38,"minecraft:birch_planks":2,"minecraft:flint":3,"minecraft:oak_log":116,"iceandfire:ectoplasm":1,"minecraft:gunpowder":8,"minecraft:dirt":192,"minecraft:leather_boots":3,"minecraft:bone":16,"create:copper_ore":1,"minecraft:bow":2,"minecraft:wheat_seeds":107,"minecraft:iron_ingot":5,"minecraft:iron_ore":44,"minecraft:oak_planks":237,"minecraft:gravel":13,"minecraft:white_bed":1,"minecraft:gold_ore":6,"minecraft:spider_eye":3,"minecraft:iron_helmet":1,"minecraft:bone_meal":1,"minecraft:bread":1,"iceandfire:gorgon_head":1,"minecraft:oak_sapling":3,"iceandfire:silver_nugget":2,"minecraft:coal":139},"minecraft:killed":{"minecraft:spider":2,"minecraft:skeleton":11,"minecraft:creeper":3,"minecraft:sheep":1,"minecraft:zombie":6,"iceandfire:ghost":1},"minecraft:dropped":{"minecraft:bread":15,"minecraft:wheat_seeds":13,"iceandfire:gorgon_head":1,"minecraft:golden_apple":1,"minecraft:cooked_salmon":3,"minecraft:iron_axe":1,"iceandfire:silver_nugget":2,"minecraft:azure_bluet":1,"minecraft:leather_boots":1,"minecraft:oak_sapling":1,"minecraft:spider_eye":2,"minecraft:wooden_pickaxe":1},"minecraft:mined":{"minecraft:white_bed":1,"iceandfire:silver_ore":8,"minecraft:oak_door":3,"minecraft:grass_block":84,"minecraft:hay_block":6,"minecraft:furnace":1,"minecraft:iron_ore":44,"minecraft:snow":130,"create:copper_ore":1,"minecraft:azure_bluet":1,"minecraft:potatoes":24,"minecraft:stone":228,"minecraft:crafting_table":2,"minecraft:torch":5,"minecraft:poppy":4,"minecraft:tall_grass":38,"minecraft:cobblestone":9,"minecraft:wall_torch":6,"minecraft:birch_planks":3,"minecraft:wheat":20,"minecraft:grass":361,"minecraft:coal_ore":78,"minecraft:oak_log":120,"iceandfire:silver_pile":1,"minecraft:gravel":15,"minecraft:dirt":54,"minecraft:gold_ore":6,"minecraft:oak_leaves":79},"minecraft:crafted":{"minecraft:oak_door":3,"minecraft:oak_planks":392,"minecraft:fishing_rod":1,"minecraft:furnace":1,"minecraft:bone_meal":45,"minecraft:iron_boots":1,"minecraft:iron_axe":1,"minecraft:stone_pickaxe":1,"minecraft:stone_hoe":1,"minecraft:wheat":54,"minecraft:cooked_cod":5,"minecraft:oak_slab":138,"minecraft:crafting_table":3,"minecraft:wooden_pickaxe":1,"minecraft:iron_helmet":1,"minecraft:cooked_salmon":7,"minecraft:bucket":1,"minecraft:stone_axe":1,"minecraft:bread":26,"minecraft:air":0,"minecraft:iron_chestplate":1,"minecraft:shield":1,"minecraft:stick":32,"quark:oak_chest":2,"minecraft:iron_ingot":44,"minecraft:iron_pickaxe":1,"minecraft:iron_shovel":1,"minecraft:iron_leggings":1,"minecraft:composter":1,"minecraft:torch":60,"minecraft:shears":1}},"DataVersion":2586}