{"stats":{"minecraft:used":{"sophisticatedbackpacks:iron_backpack":1,"minecraft:iron_shovel":314,"iceandfire:silver_sword":140,"quark:cobbled_deepslate":9,"minecraft:shield":12,"minecraft:grass":2,"minecraft:cooked_salmon":4,"minecraft:stone_hoe":44,"minecraft:rotten_flesh":10,"minecraft:oak_door":6,"minecraft:torch":159,"minecraft:dirt":65,"minecraft:carrot":78,"minecraft:snowball":3,"alexsmobs:maggot":1,"minecraft:iron_axe":225,"minecraft:grass_block":1,"minecraft:golden_carrot":5,"minecraft:bow":13,"minecraft:oak_sapling":6,"minecraft:furnace":4,"minecraft:cooked_cod":5,"minecraft:egg":1,"minecraft:potato":150,"minecraft:wheat_seeds":75,"minecraft:water_bucket":61,"minecraft:birch_planks":2,"minecraft:stone_pickaxe":133,"minecraft:baked_potato":15,"minecraft:oak_planks":92,"minecraft:wooden_pickaxe":3,"minecraft:composter":1,"minecraft:white_wool":1,"minecraft:rail":1,"minecraft:oak_slab":325,"minecraft:crafting_table":6,"minecraft:white_bed":4,"minecraft:cod":1,"minecraft:shears":3,"minecraft:smoker":1,"minecraft:oak_log":18,"sophisticatedbackpacks:backpack":1,"minecraft:apple":3,"minecraft:bread":30,"minecraft:iron_pickaxe":1084,"minecraft:gravel":5,"quark:root_item":3,"minecraft:pufferfish":2,"minecraft:stone_axe":116,"minecraft:fishing_rod":23,"minecraft:cobblestone":696,"minecraft:poisonous_potato":1,"minecraft:bucket":63,"minecraft:yellow_bed":2,"minecraft:dandelion":1,"quark:oak_chest":7,"minecraft:bone_meal":110},"minecraft:broken":{"minecraft:iron_shovel":1,"minecraft:stone_pickaxe":1,"minecraft:iron_axe":1,"minecraft:stone_axe":1,"minecraft:iron_pickaxe":4},"minecraft:dropped":{"sophisticatedbackpacks:iron_backpack":1,"minecraft:bread":15,"minecraft:wheat_seeds":14,"minecraft:baked_potato":62,"quark:marble":6,"iceandfire:gorgon_head":1,"minecraft:golden_apple":1,"minecraft:grass":2,"minecraft:golden_carrot":4,"minecraft:torch":38,"iceandfire:silver_sword":2,"iceandfire:armor_silver_metal_leggings":1,"minecraft:cooked_salmon":3,"minecraft:snowball":113,"minecraft:potion":1,"minecraft:iron_axe":1,"minecraft:iron_pickaxe":1,"minecraft:string":1,"minecraft:white_wool":1,"minecraft:dandelion":1,"iceandfire:silver_nugget":2,"minecraft:azure_bluet":1,"minecraft:carrot":1,"minecraft:shield":1,"minecraft:gunpowder":1,"minecraft:leather_boots":2,"minecraft:oak_sapling":2,"minecraft:spider_eye":2,"minecraft:iron_ore":2,"minecraft:wooden_pickaxe":1,"minecraft:red_tulip":2},"minecraft:custom":{"minecraft:mob_kills":73,"minecraft:interact_with_crafting_table":81,"minecraft:leave_game":3,"minecraft:time_since_death":128823,"minecraft:sprint_one_cm":692848,"minecraft:walk_one_cm":755463,"minecraft:damage_blocked_by_shield":390,"minecraft:drop":284,"minecraft:deaths":5,"minecraft:sneak_time":13808,"minecraft:walk_under_water_one_cm":183987,"minecraft:jump":4651,"minecraft:walk_on_water_one_cm":93894,"minecraft:interact_with_furnace":107,"minecraft:play_one_minute":302095,"minecraft:sleep_in_bed":12,"minecraft:time_since_rest":31281,"minecraft:damage_taken":2147483647,"minecraft:damage_dealt":13469,"minecraft:swim_one_cm":58711,"minecraft:fly_one_cm":697723,"minecraft:open_chest":193,"minecraft:crouch_one_cm":67566,"minecraft:interact_with_smoker":31,"minecraft:fish_caught":17,"minecraft:fall_one_cm":142786},"minecraft:picked_up":{"minecraft:fishing_rod":1,"minecraft:crafting_table":2,"minecraft:iron_chestplate":4,"minecraft:wheat":85,"minecraft:azure_bluet":1,"iceandfire:copper_ore":1,"minecraft:clay_ball":14,"minecraft:potion":1,"minecraft:enchanted_book":1,"minecraft:infested_stone":25,"minecraft:shield":5,"minecraft:string":19,"minecraft:iron_axe":4,"minecraft:iron_leggings":4,"minecraft:iron_shovel":3,"minecraft:pufferfish":4,"quark:root_item":4,"minecraft:poppy":3,"minecraft:iron_pickaxe":6,"minecraft:egg":1,"minecraft:iron_boots":4,"minecraft:furnace":2,"minecraft:stick":66,"minecraft:oak_door":3,"minecraft:oak_fence":4,"minecraft:torch":128,"iceandfire:silver_ore":16,"sophisticatedbackpacks:backpack":3,"farmersdelight:tomato_seeds":4,"minecraft:carrot":85,"iceandfire:silver_ingot":2,"minecraft:arrow":34,"minecraft:cooked_cod":2,"minecraft:rotten_flesh":24,"minecraft:hay_block":6,"minecraft:red_tulip":3,"minecraft:white_wool":11,"minecraft:cobblestone":1992,"quark:marble":12,"minecraft:cod":6,"minecraft:snowball":222,"minecraft:rail":3,"minecraft:water_bucket":4,"minecraft:salmon":11,"minecraft:potato":350,"minecraft:birch_planks":2,"minecraft:flint":3,"minecraft:oak_log":140,"iceandfire:ectoplasm":3,"minecraft:yellow_bed":3,"minecraft:gunpowder":11,"minecraft:lapis_lazuli":8,"minecraft:dirt":381,"minecraft:leather_boots":4,"minecraft:bone":37,"create:copper_ore":1,"minecraft:apple":3,"minecraft:bow":5,"minecraft:wheat_seeds":250,"minecraft:iron_ingot":15,"minecraft:iron_ore":126,"minecraft:oak_planks":435,"minecraft:oak_slab":81,"minecraft:dandelion":2,"minecraft:poisonous_potato":3,"minecraft:gravel":13,"sophisticatedbackpacks:iron_backpack":1,"artifacts:scarf_of_invisibility":1,"minecraft:white_bed":1,"minecraft:grass_block":4,"minecraft:gold_ore":14,"quark:oak_chest":3,"minecraft:spider_eye":3,"quark:cobbled_deepslate":17,"minecraft:pumpkin_seeds":2,"minecraft:diamond":6,"minecraft:iron_helmet":4,"minecraft:grass":4,"minecraft:bone_meal":8,"minecraft:oak_sapling":8,"minecraft:bread":10,"iceandfire:gorgon_head":1,"alexsmobs:maggot":1,"minecraft:baked_potato":9,"farmersdelight:cooked_salmon_slice":5,"iceandfire:silver_nugget":2,"minecraft:coal":327},"minecraft:crafted":{"minecraft:golden_carrot":15,"minecraft:oak_door":3,"minecraft:oak_planks":472,"minecraft:fishing_rod":2,"minecraft:furnace":3,"minecraft:bone_meal":102,"minecraft:iron_boots":1,"iceandfire:armor_silver_metal_leggings":1,"minecraft:iron_axe":2,"minecraft:stone_pickaxe":1,"minecraft:stone_hoe":1,"sophisticatedbackpacks:iron_backpack":2,"minecraft:smoker":1,"minecraft:wheat":54,"minecraft:cooked_cod":5,"minecraft:oak_slab":378,"iceandfire:silver_ingot":8,"minecraft:crafting_table":4,"minecraft:iron_helmet":1,"minecraft:wooden_pickaxe":1,"minecraft:baked_potato":183,"minecraft:cooked_salmon":7,"minecraft:bucket":2,"minecraft:stone_axe":1,"minecraft:bread":41,"minecraft:air":0,"minecraft:gold_nugget":126,"minecraft:iron_chestplate":1,"minecraft:shield":1,"minecraft:stick":84,"quark:oak_chest":4,"minecraft:iron_ingot":112,"minecraft:iron_pickaxe":9,"minecraft:gold_ingot":6,"minecraft:iron_shovel":2,"minecraft:iron_leggings":1,"minecraft:white_bed":3,"minecraft:composter":1,"minecraft:torch":172,"iceandfire:silver_sword":3,"minecraft:shears":1},"minecraft:mined":{"minecraft:diamond_ore":7,"minecraft:white_bed":1,"iceandfire:silver_ore":10,"minecraft:oak_door":3,"quark:cobbled_deepslate":1,"sophisticatedbackpacks:iron_backpack":1,"minecraft:grass_block":101,"minecraft:hay_block":6,"minecraft:furnace":2,"minecraft:carrots":23,"iceandfire:copper_ore":1,"minecraft:iron_ore":123,"minecraft:snow":134,"create:copper_ore":1,"minecraft:azure_bluet":1,"minecraft:potatoes":92,"minecraft:rail":1,"minecraft:stone":794,"sophisticatedbackpacks:backpack":1,"minecraft:white_wool":1,"minecraft:oak_slab":15,"quark:oak_chest":3,"minecraft:dandelion":1,"minecraft:crafting_table":2,"minecraft:torch":10,"minecraft:poppy":4,"quark:stone_speleothem":1,"minecraft:tall_grass":42,"minecraft:cobblestone":59,"minecraft:lapis_ore":1,"minecraft:oak_planks":4,"minecraft:wall_torch":9,"minecraft:birch_planks":3,"minecraft:wheat":76,"quark:marble":6,"minecraft:ice":8,"quark:deepslate":22,"minecraft:yellow_bed":2,"minecraft:grass":371,"minecraft:oak_log":144,"minecraft:coal_ore":131,"iceandfire:silver_pile":1,"minecraft:gravel":15,"minecraft:dirt":101,"minecraft:cobweb":2,"minecraft:gold_ore":7,"minecraft:oak_leaves":94,"quark:root":2},"minecraft:killed":{"mca:female_zombie_villager":1,"minecraft:cave_spider":2,"minecraft:witch":1,"minecraft:spider":5,"minecraft:skeleton":13,"minecraft:creeper":4,"minecraft:sheep":1,"alexsmobs:cockroach":1,"minecraft:zombie":12,"iceandfire:ghost":1,"alexsmobs:fly":1,"alexsmobs:crow":3,"minecraft:enderman":2},"minecraft:killed_by":{"minecraft:player":1,"minecraft:creeper":1}},"DataVersion":2586}