{"stats":{"minecraft:used":{"iceandfire:silver_sword":1,"minecraft:iron_shovel":314,"minecraft:shield":2,"minecraft:cooked_salmon":4,"minecraft:stone_hoe":43,"minecraft:rotten_flesh":9,"minecraft:oak_door":6,"minecraft:torch":82,"minecraft:dirt":62,"minecraft:carrot":6,"minecraft:snowball":3,"alexsmobs:maggot":1,"minecraft:grass_block":1,"minecraft:iron_axe":182,"minecraft:bow":13,"minecraft:oak_sapling":2,"minecraft:furnace":4,"minecraft:cooked_cod":5,"minecraft:potato":94,"minecraft:wheat_seeds":71,"minecraft:water_bucket":55,"minecraft:birch_planks":2,"minecraft:stone_pickaxe":133,"minecraft:baked_potato":3,"minecraft:oak_planks":90,"minecraft:wooden_pickaxe":3,"minecraft:composter":1,"minecraft:rail":1,"minecraft:oak_slab":10,"minecraft:crafting_table":6,"minecraft:white_bed":1,"minecraft:cod":1,"minecraft:oak_log":18,"minecraft:apple":3,"minecraft:bread":27,"minecraft:iron_pickaxe":928,"quark:root_item":2,"minecraft:gravel":5,"minecraft:pufferfish":2,"minecraft:stone_axe":116,"minecraft:fishing_rod":23,"minecraft:cobblestone":659,"minecraft:bucket":56,"quark:oak_chest":7,"minecraft:bone_meal":57},"minecraft:broken":{"minecraft:iron_shovel":1,"minecraft:stone_pickaxe":1,"minecraft:iron_axe":1,"minecraft:stone_axe":1,"minecraft:iron_pickaxe":3},"minecraft:dropped":{"minecraft:bread":15,"minecraft:wheat_seeds":13,"minecraft:baked_potato":15,"quark:marble":6,"iceandfire:gorgon_head":1,"minecraft:golden_apple":1,"minecraft:cooked_salmon":3,"minecraft:snowball":113,"minecraft:iron_axe":1,"iceandfire:silver_nugget":2,"minecraft:azure_bluet":1,"minecraft:shield":1,"minecraft:gunpowder":1,"minecraft:leather_boots":1,"minecraft:oak_sapling":1,"minecraft:spider_eye":2,"minecraft:iron_ore":2,"minecraft:wooden_pickaxe":1,"minecraft:red_tulip":2},"minecraft:custom":{"minecraft:mob_kills":37,"minecraft:interact_with_crafting_table":46,"minecraft:leave_game":3,"minecraft:time_since_death":21261,"minecraft:sprint_one_cm":368215,"minecraft:walk_one_cm":489481,"minecraft:damage_blocked_by_shield":80,"minecraft:drop":180,"minecraft:deaths":5,"minecraft:sneak_time":12480,"minecraft:walk_under_water_one_cm":180217,"minecraft:jump":2743,"minecraft:walk_on_water_one_cm":79987,"minecraft:interact_with_furnace":40,"minecraft:play_one_minute":194533,"minecraft:sleep_in_bed":7,"minecraft:time_since_rest":15807,"minecraft:damage_taken":2147483647,"minecraft:damage_dealt":6251,"minecraft:swim_one_cm":46192,"minecraft:fly_one_cm":315440,"minecraft:open_chest":78,"minecraft:crouch_one_cm":63574,"minecraft:fish_caught":17,"minecraft:fall_one_cm":79713},"minecraft:picked_up":{"minecraft:fishing_rod":1,"minecraft:crafting_table":2,"minecraft:iron_chestplate":4,"minecraft:wheat":76,"minecraft:azure_bluet":1,"minecraft:clay_ball":14,"minecraft:enchanted_book":1,"minecraft:shield":5,"minecraft:string":18,"minecraft:iron_axe":4,"minecraft:iron_leggings":4,"minecraft:iron_shovel":3,"minecraft:pufferfish":4,"quark:root_item":2,"minecraft:poppy":3,"minecraft:iron_pickaxe":4,"minecraft:iron_boots":4,"minecraft:furnace":1,"minecraft:stick":62,"minecraft:oak_door":3,"minecraft:oak_fence":4,"minecraft:torch":121,"iceandfire:silver_ore":16,"farmersdelight:tomato_seeds":4,"minecraft:carrot":16,"iceandfire:silver_ingot":2,"minecraft:arrow":19,"minecraft:rotten_flesh":9,"minecraft:cooked_cod":2,"minecraft:hay_block":6,"minecraft:red_tulip":3,"minecraft:rail":3,"quark:marble":12,"minecraft:cod":6,"minecraft:snowball":222,"minecraft:cobblestone":1951,"minecraft:water_bucket":4,"minecraft:salmon":11,"minecraft:potato":107,"minecraft:birch_planks":2,"minecraft:flint":3,"minecraft:oak_log":116,"iceandfire:ectoplasm":3,"minecraft:gunpowder":9,"minecraft:dirt":378,"minecraft:leather_boots":3,"minecraft:bone":20,"create:copper_ore":1,"minecraft:bow":4,"minecraft:wheat_seeds":221,"minecraft:iron_ingot":15,"minecraft:iron_ore":84,"minecraft:oak_planks":431,"minecraft:oak_slab":69,"minecraft:poisonous_potato":1,"minecraft:gravel":13,"minecraft:spider_eye":3,"minecraft:white_bed":1,"minecraft:grass_block":4,"minecraft:gold_ore":6,"quark:oak_chest":3,"minecraft:pumpkin_seeds":2,"minecraft:iron_helmet":4,"minecraft:bone_meal":6,"minecraft:baked_potato":4,"minecraft:bread":10,"iceandfire:gorgon_head":1,"alexsmobs:maggot":1,"minecraft:oak_sapling":3,"iceandfire:silver_nugget":2,"minecraft:coal":265},"minecraft:crafted":{"minecraft:oak_door":3,"minecraft:oak_planks":392,"minecraft:fishing_rod":2,"minecraft:furnace":3,"minecraft:bone_meal":51,"minecraft:iron_boots":1,"minecraft:iron_axe":1,"minecraft:stone_pickaxe":1,"minecraft:stone_hoe":1,"minecraft:wheat":54,"minecraft:cooked_cod":5,"minecraft:oak_slab":138,"minecraft:crafting_table":4,"minecraft:baked_potato":18,"minecraft:wooden_pickaxe":1,"minecraft:iron_helmet":1,"minecraft:cooked_salmon":7,"minecraft:bucket":1,"minecraft:stone_axe":1,"minecraft:bread":38,"minecraft:air":0,"minecraft:iron_chestplate":1,"minecraft:shield":1,"quark:oak_chest":4,"minecraft:stick":32,"minecraft:iron_ingot":59,"minecraft:iron_pickaxe":4,"minecraft:iron_shovel":2,"minecraft:iron_leggings":1,"minecraft:composter":1,"minecraft:torch":60,"iceandfire:silver_sword":1,"minecraft:shears":1},"minecraft:mined":{"minecraft:white_bed":1,"iceandfire:silver_ore":8,"minecraft:oak_door":3,"minecraft:grass_block":99,"minecraft:hay_block":6,"minecraft:carrots":4,"minecraft:furnace":1,"iceandfire:copper_ore":1,"minecraft:iron_ore":81,"minecraft:snow":134,"create:copper_ore":1,"minecraft:azure_bluet":1,"minecraft:potatoes":43,"minecraft:rail":1,"minecraft:stone":758,"minecraft:oak_slab":5,"quark:oak_chest":3,"minecraft:crafting_table":2,"minecraft:torch":5,"minecraft:poppy":4,"minecraft:tall_grass":38,"minecraft:cobblestone":57,"minecraft:wall_torch":7,"minecraft:birch_planks":3,"quark:marble":6,"minecraft:wheat":67,"minecraft:ice":8,"minecraft:grass":366,"minecraft:oak_log":120,"minecraft:coal_ore":93,"iceandfire:silver_pile":1,"minecraft:gravel":15,"minecraft:dirt":100,"minecraft:gold_ore":6,"minecraft:oak_leaves":79},"minecraft:killed":{"mca:female_zombie_villager":1,"minecraft:spider":3,"minecraft:skeleton":13,"minecraft:creeper":3,"minecraft:sheep":1,"minecraft:zombie":9,"iceandfire:ghost":1,"alexsmobs:fly":1,"alexsmobs:crow":3,"minecraft:enderman":2},"minecraft:killed_by":{"minecraft:player":1,"minecraft:creeper":1}},"DataVersion":2586}