{"stats":{"minecraft:used":{"minecraft:iron_shovel":314,"minecraft:shield":2,"minecraft:cooked_salmon":4,"minecraft:stone_hoe":43,"minecraft:rotten_flesh":5,"minecraft:oak_door":6,"minecraft:torch":45,"minecraft:dirt":62,"minecraft:snowball":3,"alexsmobs:maggot":1,"minecraft:iron_axe":182,"minecraft:bow":13,"minecraft:oak_sapling":2,"minecraft:furnace":3,"minecraft:cooked_cod":5,"minecraft:potato":75,"minecraft:wheat_seeds":69,"minecraft:water_bucket":55,"minecraft:birch_planks":2,"minecraft:stone_pickaxe":133,"minecraft:oak_planks":90,"minecraft:wooden_pickaxe":3,"minecraft:composter":1,"minecraft:oak_slab":10,"minecraft:crafting_table":6,"minecraft:white_bed":1,"minecraft:cod":1,"minecraft:oak_log":18,"minecraft:apple":3,"minecraft:bread":21,"minecraft:iron_pickaxe":768,"quark:root_item":1,"minecraft:gravel":5,"minecraft:pufferfish":2,"minecraft:stone_axe":116,"minecraft:fishing_rod":23,"minecraft:cobblestone":633,"minecraft:bucket":56,"quark:oak_chest":7,"minecraft:bone_meal":49},"minecraft:broken":{"minecraft:iron_shovel":1,"minecraft:stone_pickaxe":1,"minecraft:iron_axe":1,"minecraft:stone_axe":1,"minecraft:iron_pickaxe":3},"minecraft:dropped":{"minecraft:bread":15,"minecraft:wheat_seeds":13,"iceandfire:gorgon_head":1,"minecraft:golden_apple":1,"minecraft:cooked_salmon":3,"minecraft:snowball":113,"minecraft:iron_axe":1,"iceandfire:silver_nugget":2,"minecraft:azure_bluet":1,"minecraft:leather_boots":1,"minecraft:oak_sapling":1,"minecraft:spider_eye":2,"minecraft:wooden_pickaxe":1,"minecraft:red_tulip":2},"minecraft:custom":{"minecraft:mob_kills":33,"minecraft:interact_with_crafting_table":39,"minecraft:leave_game":2,"minecraft:time_since_death":26470,"minecraft:sprint_one_cm":285218,"minecraft:walk_one_cm":396111,"minecraft:damage_blocked_by_shield":80,"minecraft:drop":155,"minecraft:deaths":4,"minecraft:sneak_time":12140,"minecraft:walk_under_water_one_cm":180217,"minecraft:jump":2305,"minecraft:walk_on_water_one_cm":69264,"minecraft:interact_with_furnace":28,"minecraft:play_one_minute":165074,"minecraft:sleep_in_bed":6,"minecraft:time_since_rest":26523,"minecraft:damage_taken":2147483647,"minecraft:damage_dealt":5346,"minecraft:swim_one_cm":46192,"minecraft:fly_one_cm":272979,"minecraft:open_chest":44,"minecraft:crouch_one_cm":62680,"minecraft:fish_caught":17,"minecraft:fall_one_cm":69199},"minecraft:picked_up":{"minecraft:crafting_table":2,"minecraft:iron_chestplate":3,"minecraft:wheat":71,"minecraft:azure_bluet":1,"minecraft:shield":3,"minecraft:string":18,"minecraft:iron_axe":4,"minecraft:iron_leggings":3,"minecraft:iron_shovel":3,"minecraft:pufferfish":4,"quark:root_item":1,"minecraft:poppy":3,"minecraft:iron_pickaxe":3,"minecraft:iron_boots":3,"minecraft:furnace":1,"minecraft:stick":56,"minecraft:oak_door":3,"minecraft:oak_fence":2,"minecraft:torch":117,"iceandfire:silver_ore":16,"minecraft:arrow":13,"minecraft:rotten_flesh":5,"minecraft:cooked_cod":2,"minecraft:hay_block":6,"minecraft:red_tulip":3,"minecraft:cod":6,"minecraft:snowball":222,"minecraft:cobblestone":1866,"minecraft:water_bucket":3,"minecraft:salmon":11,"minecraft:potato":82,"minecraft:birch_planks":2,"minecraft:flint":3,"minecraft:oak_log":116,"iceandfire:ectoplasm":3,"minecraft:gunpowder":8,"minecraft:dirt":378,"minecraft:leather_boots":3,"minecraft:bone":16,"create:copper_ore":1,"minecraft:bow":2,"minecraft:wheat_seeds":203,"minecraft:iron_ingot":15,"minecraft:iron_ore":44,"minecraft:oak_planks":395,"minecraft:oak_slab":69,"minecraft:gravel":13,"minecraft:spider_eye":3,"minecraft:white_bed":1,"minecraft:grass_block":3,"minecraft:gold_ore":6,"quark:oak_chest":3,"minecraft:iron_helmet":3,"minecraft:bone_meal":4,"minecraft:bread":5,"iceandfire:gorgon_head":1,"alexsmobs:maggot":1,"minecraft:oak_sapling":3,"iceandfire:silver_nugget":2,"minecraft:coal":204},"minecraft:crafted":{"minecraft:oak_door":3,"minecraft:oak_planks":392,"minecraft:fishing_rod":1,"minecraft:furnace":2,"minecraft:bone_meal":45,"minecraft:iron_boots":1,"minecraft:iron_axe":1,"minecraft:stone_pickaxe":1,"minecraft:stone_hoe":1,"minecraft:wheat":54,"minecraft:cooked_cod":5,"minecraft:oak_slab":138,"minecraft:crafting_table":4,"minecraft:wooden_pickaxe":1,"minecraft:iron_helmet":1,"minecraft:cooked_salmon":7,"minecraft:bucket":1,"minecraft:stone_axe":1,"minecraft:bread":32,"minecraft:air":0,"minecraft:iron_chestplate":1,"minecraft:shield":1,"quark:oak_chest":4,"minecraft:stick":32,"minecraft:iron_ingot":44,"minecraft:iron_pickaxe":4,"minecraft:iron_shovel":2,"minecraft:iron_leggings":1,"minecraft:composter":1,"minecraft:torch":60,"minecraft:shears":1},"minecraft:mined":{"minecraft:white_bed":1,"iceandfire:silver_ore":8,"minecraft:oak_door":3,"minecraft:grass_block":99,"minecraft:hay_block":6,"minecraft:furnace":1,"minecraft:iron_ore":44,"minecraft:snow":134,"create:copper_ore":1,"minecraft:azure_bluet":1,"minecraft:potatoes":37,"minecraft:stone":698,"minecraft:oak_slab":5,"quark:oak_chest":3,"minecraft:crafting_table":2,"minecraft:torch":5,"minecraft:poppy":4,"minecraft:tall_grass":38,"minecraft:cobblestone":56,"minecraft:wall_torch":6,"minecraft:birch_planks":3,"minecraft:wheat":58,"minecraft:ice":8,"minecraft:grass":364,"minecraft:oak_log":120,"minecraft:coal_ore":79,"iceandfire:silver_pile":1,"minecraft:gravel":15,"minecraft:dirt":100,"minecraft:gold_ore":6,"minecraft:oak_leaves":79},"minecraft:killed":{"mca:female_zombie_villager":1,"minecraft:spider":3,"minecraft:skeleton":11,"minecraft:creeper":3,"minecraft:sheep":1,"minecraft:zombie":8,"iceandfire:ghost":1,"alexsmobs:fly":1,"alexsmobs:crow":3,"minecraft:enderman":1},"minecraft:killed_by":{"minecraft:player":1}},"DataVersion":2586}