{"stats":{"minecraft:custom":{"minecraft:interact_with_furnace":26,"minecraft:mob_kills":26,"minecraft:interact_with_crafting_table":18,"minecraft:play_one_minute":104460,"minecraft:bell_ring":5,"minecraft:leave_game":3,"minecraft:time_since_death":57771,"minecraft:sleep_in_bed":4,"minecraft:climb_one_cm":3416,"minecraft:time_since_rest":1983,"minecraft:sprint_one_cm":266593,"minecraft:damage_taken":2147483647,"minecraft:walk_one_cm":192418,"minecraft:drop":35,"minecraft:damage_dealt":5207,"minecraft:swim_one_cm":49778,"minecraft:fly_one_cm":506872,"minecraft:open_chest":16,"minecraft:crouch_one_cm":1441,"minecraft:deaths":3,"minecraft:sneak_time":1475,"minecraft:walk_under_water_one_cm":5980,"minecraft:jump":2534,"minecraft:walk_on_water_one_cm":19138,"minecraft:fall_one_cm":75349},"minecraft:used":{"minecraft:mossy_stone_bricks":1,"minecraft:stone_sword":78,"minecraft:oak_planks":12,"minecraft:oak_sign":2,"minecraft:ender_pearl":1,"minecraft:wooden_pickaxe":3,"minecraft:iron_sword":40,"minecraft:torch":18,"farmersdelight:onion":5,"minecraft:dirt":4,"minecraft:crafting_table":6,"minecraft:spruce_log":1,"minecraft:apple":1,"minecraft:bread":4,"minecraft:iron_pickaxe":165,"carryon:entity_item":1,"create:zinc_ore":1,"minecraft:item_frame":1,"minecraft:stone_axe":70,"minecraft:cobblestone":26,"minecraft:sweet_berries":34,"minecraft:furnace":4,"minecraft:oak_sapling":1,"alexsmobs:animal_dictionary":1,"minecraft:yellow_bed":3,"minecraft:cooked_beef":12},"minecraft:killed_by":{"iceandfire:gorgon":2,"minecraft:cave_spider":1},"minecraft:picked_up":{"minecraft:fishing_rod":1,"minecraft:crafting_table":6,"minecraft:iron_chestplate":1,"minecraft:feather":2,"minecraft:chicken":3,"minecraft:leather":24,"minecraft:wooden_pickaxe":2,"minecraft:potato":3,"mca:book_rose_gold":3,"minecraft:gold_block":1,"minecraft:oak_log":30,"minecraft:yellow_bed":4,"mca:book_romance":2,"iceandfire:manuscript":6,"minecraft:string":87,"minecraft:dirt":19,"minecraft:name_tag":1,"minecraft:iron_leggings":2,"minecraft:leather_boots":1,"create:copper_ore":9,"iceandfire:bestiary":2,"minecraft:wheat_seeds":5,"minecraft:gold_nugget":72,"minecraft:iron_ingot":11,"minecraft:beef":49,"minecraft:iron_ore":36,"create:zinc_ore":1,"minecraft:mossy_stone_bricks":1,"minecraft:iron_pickaxe":2,"minecraft:sugar_cane":6,"minecraft:iron_sword":2,"minecraft:oak_planks":17,"minecraft:furnace":8,"minecraft:iron_boots":1,"minecraft:egg":3,"minecraft:stick":4,"minecraft:sweet_berries":49,"minecraft:torch":21,"minecraft:sand":3,"minecraft:spruce_log":1,"minecraft:carrot":8,"minecraft:spider_eye":3,"alexsmobs:animal_dictionary":2,"iceandfire:blindfold":1,"iceandfire:silver_ingot":4,"minecraft:stone_sword":1,"minecraft:stone_axe":2,"minecraft:iron_helmet":1,"minecraft:snowball":16,"minecraft:gold_ingot":1,"iceandfire:gorgon_head":2,"minecraft:oak_sapling":2,"iceandfire:silver_nugget":30,"minecraft:coal":77,"minecraft:cobblestone":182,"minecraft:ender_pearl":2},"minecraft:killed":{"minecraft:cave_spider":5,"iceandfire:gorgon":1,"minecraft:iron_golem":1,"minecraft:skeleton":1,"minecraft:chicken":2,"minecraft:enderman":1,"minecraft:cow":14},"minecraft:dropped":{"iceandfire:silver_nugget":10,"minecraft:iron_ingot":5,"minecraft:furnace":2,"minecraft:wheat_seeds":3,"minecraft:cooked_beef":2,"minecraft:stone_sword":1,"minecraft:cobblestone":29,"minecraft:gold_block":2,"minecraft:dirt":6,"minecraft:potato":3,"minecraft:snowball":16,"minecraft:leather_boots":1,"minecraft:gold_nugget":18,"minecraft:sand":1,"minecraft:string":10,"minecraft:gold_ingot":1,"minecraft:egg":1},"minecraft:crafted":{"minecraft:cooked_beef":28,"minecraft:item_frame":1,"minecraft:oak_planks":72,"minecraft:oak_sign":3,"sophisticatedbackpacks:backpack":1,"minecraft:crafting_table":1,"iceandfire:blindfold":1,"minecraft:iron_helmet":1,"minecraft:wooden_pickaxe":1,"minecraft:iron_sword":1,"minecraft:furnace":2,"minecraft:stone_axe":1,"minecraft:air":0,"minecraft:iron_boots":1,"minecraft:iron_chestplate":1,"minecraft:stick":24,"quark:oak_chest":1,"minecraft:iron_ingot":36,"minecraft:iron_pickaxe":1,"minecraft:stone_sword":1,"minecraft:iron_leggings":1,"minecraft:torch":28},"minecraft:mined":{"create:zinc_ore":1,"farmersdelight:wild_carrots":8,"minecraft:crafting_table":6,"minecraft:torch":1,"minecraft:grass_block":2,"minecraft:cobblestone":2,"minecraft:spruce_leaves":7,"minecraft:oak_planks":4,"minecraft:sugar_cane":1,"minecraft:wall_torch":1,"minecraft:spawner":1,"minecraft:large_fern":3,"minecraft:seagrass":1,"minecraft:tall_seagrass":3,"minecraft:furnace":4,"minecraft:iron_ore":36,"minecraft:sweet_berry_bush":11,"minecraft:spruce_log":1,"minecraft:gold_block":1,"minecraft:birch_leaves":3,"create:copper_ore":3,"minecraft:yellow_bed":4,"minecraft:grass":2,"iceandfire:silver_pile":3,"minecraft:coal_ore":31,"minecraft:oak_log":30,"iceandfire:gold_pile":3,"minecraft:sand":1,"minecraft:dirt":6,"minecraft:cobweb":31,"minecraft:stone":73,"farmersdelight:wild_potatoes":3,"minecraft:mossy_stone_bricks":1,"minecraft:oak_leaves":22,"quark:root":1,"minecraft:fern":1}},"DataVersion":2586}