{"stats":{"minecraft:mined":{"minecraft:crafting_table":2,"minecraft:torch":1,"minecraft:grass_block":1,"minecraft:spruce_leaves":1,"minecraft:sugar_cane":1,"minecraft:oak_planks":4,"minecraft:wall_torch":1,"minecraft:spawner":1,"minecraft:large_fern":1,"minecraft:furnace":2,"minecraft:iron_ore":36,"minecraft:sweet_berry_bush":11,"minecraft:spruce_log":1,"create:copper_ore":3,"minecraft:yellow_bed":1,"minecraft:grass":2,"minecraft:coal_ore":31,"minecraft:oak_log":5,"iceandfire:silver_pile":3,"iceandfire:gold_pile":3,"minecraft:sand":1,"minecraft:dirt":6,"minecraft:cobweb":31,"minecraft:stone":65,"quark:root":1},"minecraft:crafted":{"minecraft:oak_planks":20,"minecraft:crafting_table":1,"minecraft:iron_helmet":1,"minecraft:wooden_pickaxe":1,"minecraft:furnace":2,"minecraft:stone_axe":1,"minecraft:air":0,"minecraft:iron_boots":1,"minecraft:iron_chestplate":1,"minecraft:stick":16,"minecraft:iron_pickaxe":1,"minecraft:iron_ingot":36,"minecraft:stone_sword":1,"minecraft:iron_leggings":1,"minecraft:torch":28},"minecraft:killed_by":{"minecraft:cave_spider":1},"minecraft:killed":{"minecraft:cave_spider":5,"minecraft:iron_golem":1,"minecraft:chicken":1,"minecraft:cow":10,"minecraft:enderman":1},"minecraft:used":{"minecraft:stone_sword":78,"minecraft:oak_planks":3,"minecraft:wooden_pickaxe":3,"minecraft:torch":14,"farmersdelight:onion":5,"minecraft:dirt":4,"minecraft:crafting_table":2,"minecraft:spruce_log":1,"minecraft:apple":1,"minecraft:bread":4,"minecraft:iron_pickaxe":143,"carryon:entity_item":1,"minecraft:stone_axe":24,"minecraft:cobblestone":12,"minecraft:sweet_berries":8,"minecraft:furnace":2},"minecraft:picked_up":{"minecraft:crafting_table":2,"minecraft:chicken":1,"minecraft:leather":11,"minecraft:wooden_pickaxe":1,"mca:book_rose_gold":1,"minecraft:oak_log":5,"minecraft:yellow_bed":1,"mca:book_romance":1,"iceandfire:manuscript":3,"minecraft:string":62,"minecraft:dirt":9,"create:copper_ore":6,"iceandfire:bestiary":1,"minecraft:wheat_seeds":2,"minecraft:gold_nugget":36,"minecraft:beef":21,"minecraft:iron_ingot":5,"minecraft:iron_ore":36,"minecraft:iron_pickaxe":1,"minecraft:sugar_cane":2,"minecraft:oak_planks":11,"minecraft:egg":1,"minecraft:furnace":2,"minecraft:stick":3,"minecraft:sweet_berries":30,"minecraft:torch":6,"minecraft:sand":2,"minecraft:spruce_log":1,"minecraft:spider_eye":1,"alexsmobs:animal_dictionary":1,"minecraft:stone_sword":1,"minecraft:stone_axe":1,"iceandfire:silver_nugget":20,"minecraft:coal":45,"minecraft:cobblestone":107,"minecraft:ender_pearl":1},"minecraft:dropped":{"minecraft:iron_ingot":5,"minecraft:string":10},"minecraft:custom":{"minecraft:interact_with_furnace":14,"minecraft:mob_kills":18,"minecraft:interact_with_crafting_table":7,"minecraft:play_one_minute":42506,"minecraft:bell_ring":5,"minecraft:leave_game":3,"minecraft:time_since_death":17371,"minecraft:sleep_in_bed":1,"minecraft:time_since_rest":17996,"minecraft:sprint_one_cm":102657,"minecraft:damage_taken":565,"minecraft:walk_one_cm":75909,"minecraft:drop":15,"minecraft:damage_dealt":3149,"minecraft:swim_one_cm":5467,"minecraft:fly_one_cm":168220,"minecraft:open_chest":5,"minecraft:crouch_one_cm":896,"minecraft:deaths":1,"minecraft:sneak_time":870,"minecraft:walk_under_water_one_cm":2195,"minecraft:jump":882,"minecraft:walk_on_water_one_cm":5090,"minecraft:fall_one_cm":26474}},"DataVersion":2586}