{"stats":{"minecraft:mined":{"minecraft:iron_ore":36,"create:copper_ore":3,"minecraft:yellow_bed":1,"minecraft:crafting_table":1,"minecraft:torch":1,"minecraft:grass":1,"iceandfire:silver_pile":3,"minecraft:grass_block":1,"minecraft:oak_log":5,"minecraft:coal_ore":31,"iceandfire:gold_pile":3,"minecraft:sand":1,"minecraft:dirt":6,"minecraft:cobweb":31,"minecraft:stone":65,"minecraft:oak_planks":3,"minecraft:wall_torch":1,"quark:root":1,"minecraft:spawner":1},"minecraft:crafted":{"minecraft:oak_planks":20,"minecraft:crafting_table":1,"minecraft:stick":16,"minecraft:wooden_pickaxe":1,"minecraft:iron_pickaxe":1,"minecraft:stone_sword":1,"minecraft:furnace":2,"minecraft:torch":28,"minecraft:stone_axe":1},"minecraft:killed_by":{"minecraft:cave_spider":1},"minecraft:killed":{"minecraft:cave_spider":5,"minecraft:iron_golem":1,"minecraft:enderman":1},"minecraft:used":{"minecraft:stone_sword":56,"minecraft:apple":1,"minecraft:bread":1,"minecraft:oak_planks":3,"minecraft:iron_pickaxe":141,"minecraft:torch":14,"minecraft:wooden_pickaxe":3,"farmersdelight:onion":5,"minecraft:stone_axe":21,"minecraft:dirt":4,"minecraft:cobblestone":6,"minecraft:crafting_table":2,"minecraft:furnace":2},"minecraft:picked_up":{"minecraft:stick":3,"minecraft:crafting_table":1,"minecraft:torch":6,"minecraft:wooden_pickaxe":1,"mca:book_rose_gold":1,"minecraft:sand":2,"minecraft:oak_log":5,"minecraft:yellow_bed":1,"alexsmobs:animal_dictionary":1,"minecraft:dirt":9,"mca:book_romance":1,"minecraft:spider_eye":1,"iceandfire:manuscript":3,"minecraft:string":62,"minecraft:stone_sword":1,"create:copper_ore":6,"minecraft:stone_axe":1,"iceandfire:bestiary":1,"minecraft:gold_nugget":36,"minecraft:iron_ingot":5,"minecraft:iron_ore":36,"minecraft:iron_pickaxe":1,"minecraft:oak_planks":10,"iceandfire:silver_nugget":20,"minecraft:coal":31,"minecraft:ender_pearl":1,"minecraft:cobblestone":107},"minecraft:custom":{"minecraft:time_since_rest":5996,"minecraft:interact_with_furnace":4,"minecraft:sprint_one_cm":58266,"minecraft:damage_taken":400,"minecraft:walk_one_cm":52376,"minecraft:mob_kills":7,"minecraft:damage_dealt":2109,"minecraft:swim_one_cm":817,"minecraft:interact_with_crafting_table":6,"minecraft:fly_one_cm":81698,"minecraft:open_chest":5,"minecraft:play_one_minute":30506,"minecraft:crouch_one_cm":768,"minecraft:deaths":1,"minecraft:bell_ring":5,"minecraft:sneak_time":810,"minecraft:walk_under_water_one_cm":1452,"minecraft:jump":428,"minecraft:leave_game":3,"minecraft:time_since_death":5371,"minecraft:walk_on_water_one_cm":2356,"minecraft:sleep_in_bed":1,"minecraft:fall_one_cm":13321}},"DataVersion":2586}