{"stats":{"minecraft:used":{"minecraft:stone_sword":78,"quark:cobbled_deepslate":20,"minecraft:iron_shovel":15,"minecraft:poppy":1,"minecraft:oak_sign":2,"minecraft:iron_sword":240,"minecraft:cooked_chicken":2,"minecraft:rotten_flesh":10,"minecraft:torch":558,"minecraft:dirt":28,"minecraft:carrot":9,"minecraft:granite":2,"minecraft:iron_hoe":84,"minecraft:iron_axe":73,"carryon:entity_item":1,"create:zinc_ore":1,"minecraft:barrel":1,"quark:smooth_basalt":6,"minecraft:item_frame":1,"minecraft:bow":6,"minecraft:sweet_berries":34,"minecraft:oak_sapling":10,"minecraft:furnace":6,"minecraft:cooked_beef":26,"minecraft:potato":10,"minecraft:water_bucket":6,"minecraft:mossy_stone_bricks":1,"minecraft:oak_planks":22,"minecraft:ender_pearl":1,"minecraft:wooden_pickaxe":3,"farmersdelight:onion":5,"minecraft:oak_slab":37,"minecraft:crafting_table":8,"minecraft:spruce_log":1,"minecraft:oak_log":27,"minecraft:apple":1,"minecraft:bread":4,"minecraft:iron_pickaxe":694,"minecraft:spruce_sapling":9,"quark:root_item":11,"minecraft:stone_axe":114,"minecraft:cobblestone":63,"create:gabbro_cobblestone":5,"minecraft:bucket":7,"quark:oak_chest":2,"minecraft:yellow_bed":4,"minecraft:oak_boat":6,"alexsmobs:animal_dictionary":1,"minecraft:bone_meal":9},"minecraft:broken":{"minecraft:stone_axe":1,"minecraft:iron_pickaxe":2,"minecraft:bow":1},"minecraft:dropped":{"minecraft:water_bucket":3,"minecraft:iron_ingot":5,"minecraft:wheat_seeds":5,"minecraft:cooked_beef":4,"minecraft:oak_log":2,"minecraft:feather":2,"minecraft:cobblestone":29,"minecraft:rail":7,"minecraft:coal":1,"minecraft:gold_block":2,"minecraft:dirt":6,"minecraft:snowball":16,"minecraft:gold_nugget":18,"minecraft:sand":1,"minecraft:string":10,"minecraft:lily_pad":8,"minecraft:gold_ingot":1,"iceandfire:silver_nugget":10,"minecraft:furnace":2,"minecraft:stone_sword":1,"minecraft:potato":3,"minecraft:leather_boots":1,"artifacts:scarf_of_invisibility":1,"minecraft:egg":1},"minecraft:custom":{"minecraft:mob_kills":72,"minecraft:interact_with_crafting_table":36,"minecraft:open_barrel":2,"minecraft:bell_ring":5,"minecraft:damage_dealt_resisted":220,"minecraft:leave_game":7,"minecraft:time_since_death":11737,"minecraft:climb_one_cm":3428,"minecraft:sprint_one_cm":658127,"minecraft:walk_one_cm":564661,"minecraft:drop":48,"minecraft:damage_dealt_absorbed":180,"minecraft:deaths":10,"minecraft:sneak_time":5406,"minecraft:walk_under_water_one_cm":29839,"minecraft:boat_one_cm":2180,"minecraft:jump":5342,"minecraft:walk_on_water_one_cm":30114,"minecraft:interact_with_furnace":39,"minecraft:play_one_minute":249892,"minecraft:sleep_in_bed":7,"minecraft:time_since_rest":467,"minecraft:damage_taken":2147483647,"minecraft:trigger_trapped_chest":1,"minecraft:damage_dealt":14166,"minecraft:player_kills":1,"minecraft:swim_one_cm":52467,"minecraft:fly_one_cm":1012607,"minecraft:open_chest":45,"minecraft:crouch_one_cm":10977,"minecraft:fall_one_cm":156814},"minecraft:picked_up":{"minecraft:fishing_rod":1,"minecraft:iron_chestplate":4,"minecraft:crafting_table":6,"create:dolomite_cobblestone":20,"minecraft:chicken":3,"iceandfire:copper_ore":5,"minecraft:wooden_pickaxe":2,"mca:book_rose_gold":3,"minecraft:gold_block":1,"iceandfire:manuscript":6,"minecraft:string":119,"minecraft:iron_axe":3,"minecraft:iron_leggings":7,"minecraft:iron_shovel":5,"iceandfire:bestiary":2,"minecraft:gold_nugget":72,"minecraft:bucket":1,"minecraft:beef":51,"minecraft:oak_boat":5,"create:zinc_ore":1,"minecraft:poppy":19,"quark:root_item":13,"minecraft:iron_pickaxe":6,"minecraft:sugar_cane":6,"minecraft:furnace":8,"minecraft:egg":3,"minecraft:iron_boots":4,"minecraft:stick":23,"minecraft:torch":116,"minecraft:carrot":9,"iceandfire:blindfold":1,"minecraft:stone_sword":1,"iceandfire:silver_ingot":4,"minecraft:arrow":26,"minecraft:rotten_flesh":32,"quark:smooth_basalt":6,"minecraft:gold_ingot":1,"minecraft:snowball":16,"minecraft:rail":7,"minecraft:cobblestone":334,"minecraft:feather":2,"minecraft:water_bucket":6,"minecraft:leather":30,"minecraft:potato":13,"tetra:forged_bolt":1,"minecraft:oak_log":75,"minecraft:lily_pad":8,"minecraft:yellow_bed":4,"create:gabbro_cobblestone":25,"minecraft:gunpowder":11,"mca:book_romance":2,"minecraft:dirt":56,"minecraft:name_tag":1,"minecraft:leather_boots":1,"minecraft:bone":5,"create:copper_ore":9,"minecraft:bow":8,"minecraft:wheat_seeds":43,"minecraft:iron_ingot":11,"minecraft:iron_ore":124,"minecraft:mossy_stone_bricks":1,"minecraft:iron_sword":7,"minecraft:oak_planks":46,"minecraft:oak_slab":5,"minecraft:sweet_berries":49,"minecraft:sand":3,"artifacts:scarf_of_invisibility":1,"minecraft:spruce_sapling":9,"minecraft:grass_block":1,"minecraft:spruce_log":89,"alexsmobs:animal_dictionary":2,"minecraft:spider_eye":12,"quark:cobbled_deepslate":26,"minecraft:iron_hoe":5,"minecraft:stone_axe":2,"minecraft:iron_helmet":6,"minecraft:granite":6,"iceandfire:gorgon_head":2,"minecraft:oak_sapling":14,"iceandfire:silver_nugget":30,"minecraft:coal":426,"minecraft:ender_pearl":2},"minecraft:crafted":{"minecraft:oak_planks":148,"minecraft:barrel":1,"minecraft:oak_sign":3,"minecraft:cooked_chicken":2,"minecraft:furnace":2,"minecraft:bone_meal":9,"minecraft:iron_boots":1,"minecraft:iron_axe":1,"minecraft:iron_hoe":1,"minecraft:cooked_beef":30,"minecraft:coal_block":15,"minecraft:oak_slab":36,"minecraft:item_frame":1,"sophisticatedbackpacks:backpack":1,"minecraft:crafting_table":2,"iceandfire:blindfold":1,"minecraft:spruce_planks":32,"minecraft:wooden_pickaxe":1,"minecraft:iron_helmet":1,"minecraft:iron_sword":1,"minecraft:bucket":2,"minecraft:stone_axe":1,"minecraft:air":0,"minecraft:oak_boat":2,"minecraft:iron_chestplate":1,"minecraft:stick":168,"quark:oak_chest":3,"minecraft:iron_ingot":57,"minecraft:iron_pickaxe":4,"minecraft:stone_sword":1,"minecraft:iron_shovel":1,"minecraft:iron_leggings":1,"minecraft:torch":572},"minecraft:mined":{"create:zinc_ore":1,"create:dolomite":4,"farmersdelight:wild_carrots":8,"quark:cobbled_deepslate":6,"minecraft:granite":4,"minecraft:grass_block":8,"tetra:forged_crate":1,"minecraft:spruce_leaves":50,"minecraft:spawner":1,"minecraft:large_fern":3,"minecraft:tall_seagrass":4,"minecraft:furnace":4,"iceandfire:copper_ore":3,"minecraft:iron_ore":93,"create:copper_ore":3,"quark:smooth_basalt":6,"minecraft:gold_block":1,"iceandfire:gold_pile":3,"minecraft:stone":203,"farmersdelight:wild_potatoes":8,"minecraft:oak_slab":4,"minecraft:crafting_table":6,"minecraft:torch":4,"minecraft:poppy":4,"minecraft:cobblestone":5,"minecraft:sugar_cane":1,"minecraft:oak_planks":4,"minecraft:wall_torch":5,"minecraft:seagrass":1,"minecraft:sweet_berry_bush":11,"quark:deepslate":20,"minecraft:spruce_log":29,"minecraft:birch_leaves":3,"minecraft:yellow_bed":4,"minecraft:grass":91,"minecraft:oak_log":67,"minecraft:coal_ore":313,"iceandfire:silver_pile":3,"create:gabbro":5,"minecraft:sand":1,"minecraft:dirt":19,"minecraft:cobweb":31,"minecraft:mossy_stone_bricks":1,"minecraft:oak_leaves":38,"minecraft:infested_stone":3,"minecraft:fern":1,"quark:root":18},"minecraft:killed":{"minecraft:cave_spider":5,"iceandfire:gorgon":1,"minecraft:spider":8,"minecraft:skeleton":9,"minecraft:chicken":2,"minecraft:silverfish":8,"artifacts:mimic":1,"minecraft:iron_golem":1,"minecraft:creeper":1,"minecraft:zombie":18,"minecraft:cow":15,"minecraft:enderman":2},"minecraft:killed_by":{"minecraft:creeper":1,"iceandfire:gorgon":2,"minecraft:cave_spider":1,"minecraft:skeleton":1,"artifacts:mimic":2,"minecraft:witch":1,"minecraft:zombie":1}},"DataVersion":2586}