{"stats":{"minecraft:mined":{"minecraft:iron_ore":25,"create:copper_ore":3,"minecraft:crafting_table":1,"minecraft:torch":1,"minecraft:grass":1,"iceandfire:silver_pile":3,"minecraft:oak_log":5,"minecraft:coal_ore":22,"iceandfire:gold_pile":3,"minecraft:sand":1,"minecraft:dirt":6,"minecraft:cobweb":22,"minecraft:stone":63,"minecraft:oak_planks":3,"quark:root":1,"minecraft:spawner":1},"minecraft:crafted":{"minecraft:oak_planks":20,"minecraft:crafting_table":1,"minecraft:stick":12,"minecraft:wooden_pickaxe":1,"minecraft:iron_pickaxe":1,"minecraft:stone_sword":1,"minecraft:furnace":2,"minecraft:torch":8,"minecraft:stone_axe":1},"minecraft:killed_by":{"minecraft:cave_spider":1},"minecraft:killed":{"minecraft:cave_spider":4,"minecraft:iron_golem":1},"minecraft:used":{"minecraft:stone_sword":37,"minecraft:apple":1,"minecraft:bread":1,"minecraft:oak_planks":3,"minecraft:iron_pickaxe":118,"minecraft:wooden_pickaxe":3,"minecraft:stone_axe":19,"minecraft:torch":6,"farmersdelight:onion":5,"minecraft:dirt":4,"minecraft:crafting_table":2,"minecraft:furnace":2},"minecraft:picked_up":{"minecraft:crafting_table":1,"minecraft:torch":1,"minecraft:sand":1,"minecraft:oak_log":5,"minecraft:string":25,"minecraft:dirt":6,"create:copper_ore":3,"minecraft:gold_nugget":18,"minecraft:iron_ingot":4,"minecraft:iron_ore":25,"iceandfire:silver_nugget":10,"minecraft:oak_planks":3,"minecraft:coal":22,"minecraft:cobblestone":63},"minecraft:custom":{"minecraft:time_since_rest":519,"minecraft:interact_with_furnace":4,"minecraft:sprint_one_cm":47666,"minecraft:damage_taken":340,"minecraft:walk_one_cm":33221,"minecraft:mob_kills":5,"minecraft:damage_dealt":1549,"minecraft:interact_with_crafting_table":6,"minecraft:fly_one_cm":64403,"minecraft:deaths":1,"minecraft:open_chest":5,"minecraft:play_one_minute":25029,"minecraft:crouch_one_cm":761,"minecraft:bell_ring":5,"minecraft:sneak_time":654,"minecraft:jump":331,"minecraft:leave_game":2,"minecraft:walk_on_water_one_cm":483,"minecraft:time_since_death":0,"minecraft:sleep_in_bed":1,"minecraft:fall_one_cm":9342}},"DataVersion":2586}