{"stats":{"minecraft:used":{"minecraft:iron_shovel":16,"quark:cobbled_deepslate":53,"minecraft:poppy":1,"minecraft:oak_sign":2,"minecraft:iron_sword":368,"minecraft:rotten_flesh":10,"farmersdelight:cooked_cod_slice":2,"minecraft:carrot":54,"alexsmobs:cooked_lobster_tail":1,"create:zinc_ore":1,"quark:smooth_basalt":8,"minecraft:item_frame":1,"farmersdelight:cutting_board":1,"minecraft:bow":14,"minecraft:sweet_berries":34,"minecraft:furnace":6,"minecraft:oak_sapling":10,"minecraft:potato":53,"minecraft:mossy_stone_bricks":1,"minecraft:oak_planks":22,"minecraft:ender_pearl":1,"minecraft:wooden_pickaxe":3,"minecraft:bread":4,"minecraft:gravel":6,"minecraft:oak_boat":6,"minecraft:bone_meal":17,"minecraft:stone_sword":78,"minecraft:cooked_chicken":2,"minecraft:oak_door":1,"minecraft:torch":692,"minecraft:dirt":46,"minecraft:granite":2,"minecraft:iron_hoe":84,"minecraft:iron_axe":163,"carryon:entity_item":3,"farmersdelight:cooked_salmon_slice":2,"minecraft:barrel":1,"alexsmobs:lobster_bucket":2,"create:dolomite_cobblestone":12,"minecraft:cooked_beef":26,"minecraft:wheat_seeds":2,"minecraft:water_bucket":24,"minecraft:baked_potato":37,"iceandfire:chared_dirt":2,"farmersdelight:onion":5,"minecraft:oak_slab":37,"minecraft:crafting_table":8,"minecraft:smoker":1,"minecraft:spruce_log":1,"minecraft:oak_log":29,"minecraft:apple":1,"minecraft:iron_pickaxe":1105,"quark:root_item":11,"minecraft:spruce_sapling":13,"minecraft:stone_axe":114,"create:limestone_cobblestone":7,"minecraft:cobblestone":74,"create:gabbro_cobblestone":5,"minecraft:cooked_porkchop":3,"minecraft:bucket":28,"minecraft:yellow_bed":4,"quark:oak_chest":2,"alexsmobs:animal_dictionary":1},"minecraft:broken":{"minecraft:iron_leggings":1,"minecraft:stone_axe":1,"minecraft:iron_sword":1,"minecraft:bow":1,"minecraft:iron_pickaxe":3,"minecraft:iron_helmet":1},"minecraft:dropped":{"farmersdelight:iron_knife":1,"minecraft:cooked_beef":4,"minecraft:oak_log":2,"minecraft:rail":7,"minecraft:item_frame":1,"minecraft:gold_block":2,"minecraft:dirt":7,"minecraft:snowball":16,"minecraft:gold_nugget":18,"farmersdelight:cooked_salmon_slice":5,"minecraft:sand":1,"minecraft:gold_ingot":1,"minecraft:rotten_flesh":3,"alexsmobs:lobster_bucket":2,"create:dolomite_cobblestone":12,"minecraft:leather_boots":2,"artifacts:scarf_of_invisibility":1,"minecraft:egg":1,"minecraft:water_bucket":3,"minecraft:iron_ingot":5,"minecraft:wheat_seeds":5,"minecraft:feather":2,"minecraft:cobblestone":29,"minecraft:coal":1,"minecraft:string":10,"minecraft:lily_pad":8,"create:limestone_cobblestone":2,"minecraft:spruce_sapling":1,"iceandfire:silver_nugget":10,"minecraft:furnace":2,"minecraft:stone_sword":1,"sophisticatedbackpacks:backpack":3,"iceandfire:dragon_skull_ice":1,"minecraft:potato":3,"minecraft:bow":1},"minecraft:custom":{"minecraft:interact_with_crafting_table":50,"minecraft:open_barrel":2,"minecraft:bell_ring":5,"minecraft:leave_game":9,"minecraft:time_since_death":23883,"minecraft:sprint_one_cm":852847,"minecraft:drop":65,"minecraft:talked_to_villager":1,"minecraft:deaths":13,"minecraft:jump":6712,"minecraft:walk_on_water_one_cm":61769,"minecraft:interact_with_furnace":57,"minecraft:play_one_minute":361184,"minecraft:sleep_in_bed":7,"minecraft:damage_dealt":21672,"minecraft:player_kills":1,"minecraft:crouch_one_cm":15699,"minecraft:interact_with_smoker":11,"minecraft:mob_kills":117,"minecraft:damage_dealt_resisted":220,"minecraft:climb_one_cm":3564,"minecraft:walk_one_cm":726183,"minecraft:damage_dealt_absorbed":180,"minecraft:sneak_time":10139,"minecraft:walk_under_water_one_cm":75885,"minecraft:boat_one_cm":2180,"minecraft:time_since_rest":23910,"minecraft:damage_taken":2147483647,"minecraft:trigger_trapped_chest":3,"minecraft:swim_one_cm":109846,"minecraft:fly_one_cm":1759395,"minecraft:open_chest":66,"minecraft:fall_one_cm":196047},"minecraft:picked_up":{"minecraft:iron_chestplate":7,"create:dolomite_cobblestone":53,"iceandfire:copper_ore":5,"minecraft:lead":2,"minecraft:wither_rose":1,"create:limestone_cobblestone":28,"iceandfire:manuscript":6,"minecraft:string":119,"minecraft:iron_leggings":9,"minecraft:gold_nugget":72,"minecraft:bucket":1,"minecraft:spruce_planks":10,"quark:root_item":29,"minecraft:iron_pickaxe":10,"minecraft:iron_boots":7,"minecraft:furnace":8,"minecraft:stick":26,"minecraft:torch":199,"alexsmobs:lobster_bucket":2,"minecraft:porkchop":3,"minecraft:stone_sword":1,"minecraft:rotten_flesh":45,"minecraft:cobblestone":433,"minecraft:cod":2,"minecraft:snowball":16,"alexsmobs:lobster_tail":1,"minecraft:feather":2,"minecraft:cooked_beef":8,"minecraft:water_bucket":9,"minecraft:potato":89,"minecraft:flint":2,"tetra:forged_bolt":1,"create:gabbro_cobblestone":25,"minecraft:dirt":76,"minecraft:lapis_lazuli":39,"minecraft:name_tag":1,"minecraft:leather_boots":2,"minecraft:bone":32,"farmersdelight:iron_knife":3,"create:copper_ore":9,"minecraft:bow":13,"minecraft:wheat_seeds":45,"minecraft:mossy_stone_bricks":1,"minecraft:oak_planks":46,"minecraft:sand":3,"minecraft:grass_block":1,"alexsmobs:animal_dictionary":2,"quark:cobbled_deepslate":314,"minecraft:iron_hoe":5,"minecraft:diamond":2,"minecraft:granite":9,"minecraft:bone_meal":8,"minecraft:emerald":5,"iceandfire:gorgon_head":2,"minecraft:oak_sapling":14,"iceandfire:silver_nugget":30,"minecraft:fishing_rod":1,"minecraft:crafting_table":6,"minecraft:chicken":3,"minecraft:clay_ball":8,"minecraft:wooden_pickaxe":2,"mca:book_rose_gold":3,"minecraft:gold_block":1,"minecraft:iron_axe":6,"minecraft:item_frame":1,"minecraft:iron_shovel":7,"iceandfire:bestiary":2,"minecraft:beef":55,"minecraft:oak_boat":5,"create:zinc_ore":9,"minecraft:poppy":19,"minecraft:sugar_cane":12,"minecraft:egg":3,"iceandfire:dragonbone":3,"minecraft:oak_door":1,"sophisticatedbackpacks:backpack":1,"minecraft:carrot":68,"minecraft:redstone":146,"iceandfire:dragon_skull_ice":1,"farmersdelight:cooked_cod_slice":4,"iceandfire:blindfold":1,"iceandfire:silver_ingot":4,"minecraft:arrow":36,"quark:smooth_basalt":10,"iceandfire:chared_dirt":4,"minecraft:gold_ingot":1,"minecraft:rail":7,"minecraft:salmon":5,"minecraft:leather":33,"minecraft:oak_log":77,"minecraft:lily_pad":8,"iceandfire:ectoplasm":2,"minecraft:yellow_bed":4,"minecraft:gunpowder":24,"mca:book_romance":2,"minecraft:iron_ingot":11,"quark:tallow":2,"minecraft:iron_ore":151,"minecraft:iron_sword":10,"minecraft:oak_slab":7,"minecraft:sweet_berries":49,"minecraft:gravel":9,"minecraft:spruce_sapling":14,"minecraft:spruce_log":124,"minecraft:gold_ore":20,"minecraft:spider_eye":12,"artifacts:scarf_of_invisibility":1,"tetra:geode":2,"minecraft:stone_axe":2,"minecraft:iron_helmet":8,"minecraft:baked_potato":51,"farmersdelight:cooked_salmon_slice":10,"minecraft:coal":519,"iceandfire:chared_gravel":1,"minecraft:ender_pearl":2},"minecraft:crafted":{"minecraft:oak_planks":148,"minecraft:barrel":1,"minecraft:oak_sign":3,"minecraft:cooked_chicken":2,"minecraft:bow":3,"minecraft:iron_boots":2,"minecraft:smoker":1,"minecraft:item_frame":1,"minecraft:oak_slab":36,"sophisticatedbackpacks:backpack":3,"minecraft:cooked_porkchop":3,"minecraft:crafting_table":2,"iceandfire:blindfold":1,"minecraft:spruce_planks":124,"farmersdelight:iron_knife":1,"minecraft:wooden_pickaxe":1,"minecraft:baked_potato":37,"minecraft:iron_helmet":2,"farmersdelight:cutting_board":1,"minecraft:iron_chestplate":2,"minecraft:stick":204,"quark:oak_chest":3,"minecraft:iron_pickaxe":6,"minecraft:iron_ingot":93,"minecraft:stone_sword":1,"minecraft:furnace":3,"minecraft:bone_meal":9,"minecraft:iron_axe":2,"minecraft:iron_hoe":1,"quark:spruce_chest":2,"minecraft:cooked_beef":34,"minecraft:coal_block":15,"minecraft:cooked_cod":2,"alexsmobs:cooked_lobster_tail":1,"minecraft:iron_sword":2,"minecraft:cooked_salmon":5,"minecraft:bucket":2,"minecraft:stone_axe":1,"minecraft:air":0,"minecraft:oak_boat":2,"minecraft:iron_shovel":1,"minecraft:iron_leggings":1,"minecraft:torch":684},"minecraft:mined":{"create:dolomite":4,"minecraft:granite":4,"minecraft:grass_block":14,"tetra:forged_crate":1,"minecraft:spawner":1,"minecraft:tall_seagrass":4,"minecraft:iron_ore":110,"create:copper_ore":3,"iceandfire:gold_pile":3,"farmersdelight:wild_potatoes":8,"minecraft:clay":1,"minecraft:torch":5,"minecraft:poppy":4,"quark:stone_speleothem":1,"minecraft:cobblestone":5,"minecraft:sugar_cane":3,"minecraft:oak_planks":4,"minecraft:wall_torch":6,"minecraft:seagrass":1,"minecraft:wheat":1,"minecraft:wither_rose":1,"minecraft:grass":93,"minecraft:oak_log":67,"create:gabbro":5,"minecraft:sand":1,"minecraft:dirt":22,"minecraft:oak_leaves":38,"create:zinc_ore":5,"minecraft:diamond_ore":2,"tetra:block_geode":2,"farmersdelight:wild_carrots":8,"quark:cobbled_deepslate":15,"iceandfire:chared_dirt":4,"minecraft:spruce_leaves":91,"minecraft:large_fern":3,"minecraft:redstone_ore":16,"minecraft:furnace":4,"minecraft:carrots":16,"iceandfire:copper_ore":3,"iceandfire:chared_gravel":1,"quark:smooth_basalt":8,"minecraft:gold_block":1,"minecraft:potatoes":16,"minecraft:stone":273,"minecraft:oak_slab":4,"minecraft:crafting_table":6,"minecraft:emerald_ore":2,"minecraft:tall_grass":1,"minecraft:lapis_ore":2,"minecraft:sweet_berry_bush":11,"minecraft:spruce_log":62,"minecraft:birch_leaves":3,"minecraft:yellow_bed":4,"quark:deepslate":246,"minecraft:coal_ore":351,"iceandfire:silver_pile":3,"quark:monster_box":1,"minecraft:gravel":2,"minecraft:cobweb":31,"minecraft:mossy_stone_bricks":1,"minecraft:gold_ore":10,"minecraft:infested_stone":10,"minecraft:fern":3,"quark:root":18},"minecraft:killed":{"alexsmobs:lobster":1,"minecraft:cave_spider":5,"iceandfire:gorgon":1,"minecraft:spider":9,"minecraft:cod":2,"minecraft:skeleton":17,"minecraft:chicken":2,"minecraft:silverfish":13,"artifacts:mimic":1,"minecraft:pig":1,"minecraft:salmon":5,"minecraft:iron_golem":1,"minecraft:creeper":4,"minecraft:trader_llama":2,"minecraft:zombie":27,"minecraft:cow":17,"minecraft:wandering_trader":1,"iceandfire:ghost":5,"minecraft:enderman":2},"minecraft:killed_by":{"minecraft:creeper":2,"minecraft:cave_spider":1,"artifacts:mimic":2,"minecraft:witch":1,"minecraft:zombie":2,"iceandfire:gorgon":2,"minecraft:skeleton":1}},"DataVersion":2586}