{"stats":{"minecraft:picked_up":{"minecraft:oak_log":1},"minecraft:mined":{"minecraft:oak_log":1},"minecraft:crafted":{"minecraft:oak_planks":4},"minecraft:custom":{"minecraft:jump":41,"minecraft:time_since_rest":10500,"minecraft:damage_taken":30,"minecraft:leave_game":1,"minecraft:play_one_minute":10500,"minecraft:time_since_death":10500,"minecraft:sprint_one_cm":6686,"minecraft:walk_on_water_one_cm":455,"minecraft:walk_one_cm":6775,"minecraft:sneak_time":166,"minecraft:walk_under_water_one_cm":1233,"minecraft:fall_one_cm":1522,"minecraft:fly_one_cm":50340}},"DataVersion":2586}