{"stats":{"minecraft:mined":{"iceandfire:gold_pile":1},"minecraft:picked_up":{"minecraft:gold_nugget":4},"minecraft:custom":{"minecraft:jump":44,"minecraft:time_since_rest":8971,"minecraft:play_one_minute":8971,"minecraft:walk_on_water_one_cm":348,"minecraft:leave_game":1,"minecraft:sprint_one_cm":5870,"minecraft:damage_taken":120,"minecraft:time_since_death":8971,"minecraft:walk_one_cm":2642,"minecraft:sneak_time":79,"minecraft:fall_one_cm":2922,"minecraft:fly_one_cm":11382}},"DataVersion":2586}