{"stats":{"minecraft:custom":{"minecraft:interact_with_crafting_table":55,"minecraft:open_barrel":6,"minecraft:bell_ring":5,"minecraft:leave_game":9,"minecraft:time_since_death":27435,"minecraft:sprint_one_cm":919495,"minecraft:drop":86,"minecraft:talked_to_villager":1,"minecraft:deaths":16,"minecraft:jump":7388,"minecraft:walk_on_water_one_cm":71774,"minecraft:interact_with_furnace":60,"minecraft:play_one_minute":403407,"minecraft:sleep_in_bed":7,"minecraft:damage_dealt":24159,"minecraft:player_kills":1,"minecraft:crouch_one_cm":17847,"minecraft:interact_with_smoker":13,"minecraft:mob_kills":128,"minecraft:damage_dealt_resisted":220,"minecraft:climb_one_cm":3564,"minecraft:walk_one_cm":794477,"minecraft:damage_dealt_absorbed":180,"minecraft:sneak_time":12712,"minecraft:walk_under_water_one_cm":81942,"minecraft:boat_one_cm":2180,"minecraft:time_since_rest":27468,"minecraft:damage_taken":2147483647,"minecraft:trigger_trapped_chest":3,"minecraft:swim_one_cm":109846,"minecraft:fly_one_cm":2001991,"minecraft:open_chest":108,"minecraft:fall_one_cm":211988},"minecraft:picked_up":{"minecraft:iron_chestplate":11,"create:dolomite_cobblestone":65,"iceandfire:copper_ore":5,"minecraft:lead":2,"minecraft:wither_rose":1,"create:limestone_cobblestone":28,"iceandfire:manuscript":23,"minecraft:string":119,"minecraft:iron_leggings":12,"minecraft:zombie_head":4,"minecraft:gold_nugget":224,"minecraft:bucket":1,"minecraft:spruce_planks":11,"quark:root_item":31,"minecraft:iron_pickaxe":13,"minecraft:furnace":8,"minecraft:iron_boots":11,"minecraft:stick":38,"minecraft:torch":264,"alexsmobs:lobster_bucket":2,"minecraft:porkchop":3,"minecraft:stone_sword":1,"minecraft:rotten_flesh":53,"minecraft:obsidian":14,"minecraft:cobblestone":473,"minecraft:cod":2,"minecraft:snowball":16,"alexsmobs:lobster_tail":1,"minecraft:feather":2,"minecraft:cooked_beef":8,"minecraft:water_bucket":12,"minecraft:potato":89,"minecraft:flint":2,"tetra:forged_bolt":1,"create:gabbro_cobblestone":76,"minecraft:lapis_lazuli":78,"minecraft:dirt":87,"minecraft:name_tag":1,"minecraft:leather_boots":2,"minecraft:bone":44,"tetra:scroll_rolled":4,"farmersdelight:iron_knife":3,"create:copper_ore":9,"minecraft:bow":16,"minecraft:wheat_seeds":47,"minecraft:mossy_stone_bricks":1,"minecraft:oak_planks":46,"iceandfire:dragon_skull_fire":4,"minecraft:sand":19,"minecraft:grass_block":1,"alexsmobs:animal_dictionary":2,"iceandfire:chared_cobblestone":96,"quark:cobbled_deepslate":327,"minecraft:iron_hoe":5,"minecraft:diamond":6,"minecraft:granite":9,"minecraft:bone_meal":8,"minecraft:emerald":15,"minecraft:chainmail_helmet":3,"iceandfire:gorgon_head":2,"minecraft:oak_sapling":14,"iceandfire:silver_nugget":30,"minecraft:fishing_rod":1,"minecraft:crafting_table":6,"minecraft:chicken":3,"minecraft:clay_ball":44,"minecraft:wooden_pickaxe":2,"mca:book_rose_gold":3,"minecraft:gold_block":1,"minecraft:iron_axe":9,"minecraft:item_frame":1,"minecraft:iron_shovel":10,"iceandfire:bestiary":2,"minecraft:beef":55,"minecraft:oak_boat":5,"create:zinc_ore":21,"minecraft:poppy":19,"minecraft:sugar_cane":18,"minecraft:egg":3,"minecraft:sandstone":8,"iceandfire:dragonbone":162,"minecraft:oak_door":1,"sophisticatedbackpacks:backpack":1,"minecraft:carrot":68,"minecraft:redstone":407,"iceandfire:dragon_skull_ice":1,"farmersdelight:cooked_cod_slice":4,"iceandfire:blindfold":1,"iceandfire:silver_ingot":7,"minecraft:arrow":36,"quark:smooth_basalt":16,"iceandfire:chared_dirt":8,"artifacts:cross_necklace":1,"minecraft:gold_ingot":1,"minecraft:rail":7,"minecraft:salmon":5,"minecraft:leather":33,"create:weathered_limestone_cobblestone":6,"minecraft:oak_log":77,"minecraft:lily_pad":8,"iceandfire:ectoplasm":8,"minecraft:yellow_bed":4,"minecraft:gunpowder":24,"mca:book_romance":2,"minecraft:iron_ingot":30,"quark:tallow":2,"minecraft:iron_ore":151,"minecraft:iron_sword":14,"iceandfire:chared_stone":33,"minecraft:oak_slab":7,"minecraft:sweet_berries":49,"minecraft:gravel":21,"minecraft:spruce_sapling":24,"minecraft:spruce_log":158,"minecraft:gold_ore":58,"minecraft:spider_eye":12,"artifacts:scarf_of_invisibility":1,"tetra:geode":2,"minecraft:stone_axe":2,"minecraft:iron_helmet":11,"minecraft:baked_potato":51,"farmersdelight:cooked_salmon_slice":10,"iceandfire:chared_gravel":1,"minecraft:coal":597,"minecraft:ender_pearl":2},"minecraft:used":{"minecraft:iron_shovel":30,"quark:cobbled_deepslate":54,"minecraft:poppy":1,"minecraft:oak_sign":2,"minecraft:iron_sword":418,"minecraft:rotten_flesh":10,"farmersdelight:cooked_cod_slice":2,"minecraft:carrot":54,"minecraft:obsidian":10,"alexsmobs:cooked_lobster_tail":1,"create:zinc_ore":1,"quark:smooth_basalt":8,"minecraft:item_frame":1,"carryon:tile_item":9,"farmersdelight:cutting_board":1,"minecraft:bow":14,"iceandfire:chared_stone":2,"minecraft:sweet_berries":34,"minecraft:furnace":6,"minecraft:oak_sapling":10,"minecraft:potato":53,"minecraft:mossy_stone_bricks":1,"minecraft:oak_planks":22,"minecraft:ender_pearl":1,"minecraft:wooden_pickaxe":3,"minecraft:sandstone":1,"minecraft:sugar_cane":2,"minecraft:bread":4,"minecraft:gravel":6,"minecraft:oak_boat":6,"minecraft:bone_meal":17,"minecraft:stone_sword":78,"minecraft:flint_and_steel":1,"minecraft:spruce_planks":8,"minecraft:cooked_chicken":2,"minecraft:oak_door":1,"minecraft:torch":730,"minecraft:dirt":53,"tetra:scroll_rolled":4,"minecraft:granite":2,"minecraft:iron_hoe":84,"minecraft:iron_axe":249,"carryon:entity_item":3,"farmersdelight:cooked_salmon_slice":2,"minecraft:barrel":1,"alexsmobs:lobster_bucket":2,"create:dolomite_cobblestone":12,"minecraft:cooked_beef":26,"minecraft:wheat_seeds":2,"minecraft:water_bucket":27,"minecraft:baked_potato":39,"minecraft:gold_ore":2,"iceandfire:chared_dirt":4,"farmersdelight:onion":5,"minecraft:oak_slab":37,"minecraft:crafting_table":8,"create:weathered_limestone_cobblestone":2,"minecraft:spruce_log":1,"minecraft:smoker":1,"minecraft:oak_log":29,"minecraft:diamond_pickaxe":41,"minecraft:apple":1,"minecraft:iron_pickaxe":1170,"quark:root_item":13,"minecraft:spruce_sapling":23,"create:limestone_cobblestone":7,"minecraft:stone_axe":114,"iceandfire:chared_gravel":1,"minecraft:cobblestone":80,"create:gabbro_cobblestone":16,"minecraft:cooked_porkchop":3,"minecraft:bucket":30,"minecraft:yellow_bed":4,"quark:oak_chest":4,"alexsmobs:animal_dictionary":1},"minecraft:dropped":{"farmersdelight:iron_knife":1,"minecraft:cooked_beef":4,"minecraft:oak_log":2,"iceandfire:chared_dirt":2,"minecraft:rail":7,"minecraft:item_frame":1,"minecraft:gold_block":2,"minecraft:dirt":8,"minecraft:snowball":16,"quark:cobbled_deepslate":64,"minecraft:gold_nugget":56,"farmersdelight:cooked_salmon_slice":5,"minecraft:sand":5,"minecraft:gold_ingot":1,"minecraft:rotten_flesh":6,"alexsmobs:lobster_bucket":2,"create:dolomite_cobblestone":15,"minecraft:leather_boots":2,"create:zinc_ore":8,"artifacts:scarf_of_invisibility":1,"minecraft:egg":1,"minecraft:water_bucket":3,"minecraft:iron_ingot":24,"minecraft:wheat_seeds":5,"minecraft:feather":2,"minecraft:cobblestone":29,"minecraft:chainmail_helmet":1,"minecraft:coal":1,"minecraft:zombie_head":1,"minecraft:string":10,"minecraft:lily_pad":8,"create:limestone_cobblestone":2,"iceandfire:dragon_skull_fire":2,"minecraft:spruce_sapling":1,"iceandfire:dragonbone":50,"iceandfire:silver_nugget":10,"minecraft:furnace":2,"minecraft:stone_sword":1,"minecraft:clay_ball":12,"minecraft:iron_boots":1,"sophisticatedbackpacks:backpack":3,"iceandfire:dragon_skull_ice":1,"minecraft:potato":3,"iceandfire:chared_cobblestone":32,"minecraft:spruce_log":34,"minecraft:bow":1,"create:gabbro_cobblestone":6},"minecraft:broken":{"minecraft:iron_leggings":1,"minecraft:stone_axe":1,"minecraft:iron_sword":1,"minecraft:bow":1,"minecraft:iron_pickaxe":3,"minecraft:iron_helmet":1},"minecraft:killed":{"minecraft:cave_spider":5,"alexsmobs:lobster":1,"iceandfire:gorgon":1,"minecraft:spider":9,"minecraft:cod":2,"minecraft:skeleton":18,"minecraft:chicken":2,"minecraft:silverfish":13,"artifacts:mimic":2,"minecraft:pig":1,"minecraft:salmon":5,"minecraft:iron_golem":1,"minecraft:creeper":4,"minecraft:trader_llama":2,"minecraft:zombie":35,"minecraft:cow":17,"minecraft:wandering_trader":1,"iceandfire:ghost":5,"minecraft:enderman":2},"minecraft:mined":{"minecraft:spruce_planks":1,"create:dolomite":7,"minecraft:obsidian":14,"minecraft:granite":4,"minecraft:grass_block":20,"tetra:forged_crate":1,"minecraft:spawner":1,"minecraft:tall_seagrass":4,"minecraft:iron_ore":110,"create:copper_ore":3,"iceandfire:gold_pile":3,"farmersdelight:wild_potatoes":8,"iceandfire:chared_cobblestone":6,"tetra:scroll_rolled":4,"minecraft:clay":1,"minecraft:torch":5,"minecraft:poppy":4,"quark:stone_speleothem":1,"minecraft:cobblestone":5,"create:gabbro_cobblestone":3,"minecraft:sugar_cane":3,"minecraft:oak_planks":4,"minecraft:wall_torch":6,"minecraft:seagrass":1,"minecraft:wheat":1,"minecraft:wither_rose":1,"create:weathered_limestone":2,"minecraft:grass":94,"minecraft:oak_log":67,"create:gabbro":19,"minecraft:sand":5,"minecraft:dirt":25,"minecraft:oak_leaves":38,"iceandfire:chared_stone":7,"create:zinc_ore":5,"minecraft:diamond_ore":3,"tetra:block_geode":2,"farmersdelight:wild_carrots":8,"quark:cobbled_deepslate":17,"iceandfire:chared_dirt":6,"minecraft:spruce_leaves":141,"minecraft:sandstone":2,"minecraft:large_fern":3,"minecraft:redstone_ore":29,"minecraft:furnace":4,"minecraft:carrots":16,"iceandfire:copper_ore":3,"iceandfire:chared_gravel":1,"quark:smooth_basalt":10,"minecraft:gold_block":1,"minecraft:potatoes":16,"minecraft:stone":288,"minecraft:oak_slab":4,"minecraft:crafting_table":6,"minecraft:emerald_ore":3,"minecraft:tall_grass":1,"minecraft:lapis_ore":2,"minecraft:sweet_berry_bush":11,"minecraft:spruce_log":97,"minecraft:birch_leaves":3,"minecraft:yellow_bed":4,"quark:deepslate":254,"minecraft:coal_ore":351,"iceandfire:silver_pile":3,"quark:monster_box":2,"minecraft:gravel":5,"minecraft:cobweb":31,"minecraft:mossy_stone_bricks":1,"minecraft:gold_ore":18,"minecraft:infested_stone":10,"minecraft:fern":3,"quark:root":18},"minecraft:crafted":{"minecraft:oak_planks":164,"minecraft:barrel":1,"minecraft:oak_sign":3,"minecraft:cooked_chicken":2,"minecraft:bow":3,"minecraft:iron_boots":2,"minecraft:golden_boots":1,"minecraft:smoker":1,"minecraft:item_frame":1,"minecraft:oak_slab":36,"sophisticatedbackpacks:backpack":3,"minecraft:cooked_porkchop":3,"minecraft:crafting_table":2,"iceandfire:blindfold":1,"minecraft:spruce_planks":124,"farmersdelight:iron_knife":1,"minecraft:iron_helmet":2,"minecraft:wooden_pickaxe":1,"minecraft:baked_potato":39,"farmersdelight:cutting_board":1,"minecraft:iron_chestplate":2,"minecraft:diamond_pickaxe":1,"minecraft:stick":244,"quark:oak_chest":5,"minecraft:iron_ingot":101,"minecraft:iron_pickaxe":7,"minecraft:stone_sword":1,"minecraft:gold_ingot":9,"minecraft:furnace":3,"minecraft:bone_meal":9,"minecraft:iron_axe":2,"minecraft:iron_hoe":1,"quark:spruce_chest":2,"minecraft:cooked_beef":34,"minecraft:coal_block":15,"minecraft:cooked_cod":2,"alexsmobs:cooked_lobster_tail":1,"minecraft:iron_sword":2,"minecraft:cooked_salmon":5,"minecraft:bucket":2,"minecraft:stone_axe":1,"minecraft:air":0,"minecraft:oak_boat":2,"minecraft:iron_shovel":1,"minecraft:iron_leggings":1,"minecraft:torch":788},"minecraft:killed_by":{"minecraft:creeper":2,"minecraft:cave_spider":1,"artifacts:mimic":2,"minecraft:witch":2,"minecraft:zombie":2,"iceandfire:fire_dragon":1,"minecraft:enderman":1,"iceandfire:gorgon":2,"minecraft:skeleton":1}},"DataVersion":2586}