{"stats":{"minecraft:used":{"minecraft:stone_sword":78,"minecraft:iron_shovel":14,"minecraft:oak_sign":2,"minecraft:iron_sword":110,"minecraft:cooked_chicken":2,"minecraft:rotten_flesh":1,"minecraft:torch":241,"minecraft:dirt":10,"minecraft:iron_axe":73,"carryon:entity_item":1,"create:zinc_ore":1,"minecraft:barrel":1,"minecraft:item_frame":1,"minecraft:sweet_berries":34,"minecraft:oak_sapling":10,"minecraft:furnace":6,"minecraft:cooked_beef":24,"minecraft:water_bucket":3,"minecraft:mossy_stone_bricks":1,"minecraft:oak_planks":12,"minecraft:ender_pearl":1,"minecraft:wooden_pickaxe":3,"farmersdelight:onion":5,"minecraft:oak_slab":37,"minecraft:crafting_table":8,"minecraft:spruce_log":1,"minecraft:oak_log":27,"minecraft:apple":1,"minecraft:bread":4,"minecraft:iron_pickaxe":555,"minecraft:spruce_sapling":9,"quark:root_item":2,"minecraft:stone_axe":114,"minecraft:cobblestone":41,"minecraft:bucket":4,"quark:oak_chest":2,"minecraft:yellow_bed":4,"minecraft:oak_boat":6,"alexsmobs:animal_dictionary":1},"minecraft:broken":{"minecraft:stone_axe":1,"minecraft:iron_pickaxe":2},"minecraft:dropped":{"minecraft:water_bucket":3,"minecraft:iron_ingot":5,"minecraft:wheat_seeds":5,"minecraft:cooked_beef":4,"minecraft:oak_log":2,"minecraft:feather":2,"minecraft:cobblestone":29,"minecraft:rail":7,"minecraft:coal":1,"minecraft:gold_block":2,"minecraft:dirt":6,"minecraft:snowball":16,"minecraft:gold_nugget":18,"minecraft:sand":1,"minecraft:string":10,"minecraft:lily_pad":8,"minecraft:gold_ingot":1,"iceandfire:silver_nugget":10,"minecraft:furnace":2,"minecraft:stone_sword":1,"minecraft:potato":3,"minecraft:leather_boots":1,"minecraft:egg":1},"minecraft:custom":{"minecraft:mob_kills":48,"minecraft:interact_with_crafting_table":33,"minecraft:open_barrel":2,"minecraft:bell_ring":5,"minecraft:leave_game":7,"minecraft:time_since_death":21244,"minecraft:climb_one_cm":3428,"minecraft:sprint_one_cm":464498,"minecraft:walk_one_cm":363772,"minecraft:drop":47,"minecraft:deaths":4,"minecraft:sneak_time":2825,"minecraft:walk_under_water_one_cm":19767,"minecraft:boat_one_cm":2180,"minecraft:jump":4200,"minecraft:walk_on_water_one_cm":24698,"minecraft:interact_with_furnace":35,"minecraft:play_one_minute":195892,"minecraft:sleep_in_bed":5,"minecraft:time_since_rest":21279,"minecraft:damage_taken":2147483647,"minecraft:damage_dealt":9052,"minecraft:player_kills":1,"minecraft:swim_one_cm":50951,"minecraft:fly_one_cm":816074,"minecraft:open_chest":37,"minecraft:crouch_one_cm":5454,"minecraft:fall_one_cm":123993},"minecraft:picked_up":{"minecraft:fishing_rod":1,"minecraft:iron_chestplate":1,"minecraft:crafting_table":6,"create:dolomite_cobblestone":20,"minecraft:chicken":3,"iceandfire:copper_ore":1,"minecraft:wooden_pickaxe":2,"mca:book_rose_gold":3,"minecraft:gold_block":1,"iceandfire:manuscript":6,"minecraft:string":87,"minecraft:iron_leggings":2,"iceandfire:bestiary":2,"minecraft:gold_nugget":72,"minecraft:beef":51,"minecraft:oak_boat":5,"create:zinc_ore":1,"quark:root_item":2,"minecraft:iron_pickaxe":2,"minecraft:sugar_cane":6,"minecraft:furnace":8,"minecraft:egg":3,"minecraft:iron_boots":1,"minecraft:stick":17,"minecraft:torch":22,"minecraft:carrot":8,"iceandfire:blindfold":1,"minecraft:stone_sword":1,"iceandfire:silver_ingot":4,"minecraft:arrow":8,"minecraft:rotten_flesh":10,"minecraft:gold_ingot":1,"minecraft:snowball":16,"minecraft:rail":7,"minecraft:cobblestone":293,"minecraft:feather":2,"minecraft:water_bucket":2,"minecraft:leather":25,"minecraft:potato":3,"minecraft:oak_log":71,"minecraft:lily_pad":8,"minecraft:yellow_bed":4,"create:gabbro_cobblestone":5,"mca:book_romance":2,"minecraft:dirt":38,"minecraft:name_tag":1,"minecraft:leather_boots":1,"minecraft:bone":2,"create:copper_ore":9,"minecraft:bow":1,"minecraft:wheat_seeds":15,"minecraft:iron_ingot":11,"minecraft:iron_ore":57,"minecraft:mossy_stone_bricks":1,"minecraft:iron_sword":2,"minecraft:oak_planks":17,"minecraft:oak_slab":5,"minecraft:sweet_berries":49,"minecraft:sand":3,"minecraft:spruce_sapling":9,"minecraft:grass_block":1,"minecraft:spruce_log":29,"alexsmobs:animal_dictionary":2,"minecraft:spider_eye":4,"minecraft:stone_axe":2,"minecraft:iron_helmet":1,"iceandfire:gorgon_head":2,"minecraft:oak_sapling":14,"iceandfire:silver_nugget":30,"minecraft:coal":339,"minecraft:ender_pearl":2},"minecraft:crafted":{"minecraft:oak_planks":128,"minecraft:barrel":1,"minecraft:oak_sign":3,"minecraft:cooked_chicken":2,"minecraft:furnace":2,"minecraft:iron_boots":1,"minecraft:iron_axe":1,"minecraft:cooked_beef":28,"minecraft:coal_block":15,"minecraft:oak_slab":36,"minecraft:item_frame":1,"sophisticatedbackpacks:backpack":1,"minecraft:crafting_table":2,"iceandfire:blindfold":1,"minecraft:spruce_planks":24,"minecraft:wooden_pickaxe":1,"minecraft:iron_helmet":1,"minecraft:iron_sword":1,"minecraft:bucket":1,"minecraft:stone_axe":1,"minecraft:air":0,"minecraft:oak_boat":2,"minecraft:iron_chestplate":1,"minecraft:stick":136,"quark:oak_chest":3,"minecraft:iron_ingot":57,"minecraft:iron_pickaxe":3,"minecraft:stone_sword":1,"minecraft:iron_shovel":1,"minecraft:iron_leggings":1,"minecraft:torch":460},"minecraft:mined":{"create:zinc_ore":1,"create:dolomite":4,"farmersdelight:wild_carrots":8,"minecraft:grass_block":7,"minecraft:spruce_leaves":50,"minecraft:spawner":1,"minecraft:large_fern":3,"minecraft:tall_seagrass":4,"minecraft:furnace":4,"iceandfire:copper_ore":1,"minecraft:iron_ore":57,"create:copper_ore":3,"minecraft:gold_block":1,"iceandfire:gold_pile":3,"minecraft:stone":181,"farmersdelight:wild_potatoes":3,"minecraft:oak_slab":4,"minecraft:crafting_table":6,"minecraft:torch":1,"minecraft:cobblestone":2,"minecraft:sugar_cane":1,"minecraft:oak_planks":4,"minecraft:wall_torch":2,"minecraft:seagrass":1,"minecraft:sweet_berry_bush":11,"minecraft:spruce_log":29,"minecraft:birch_leaves":3,"minecraft:yellow_bed":4,"minecraft:grass":91,"minecraft:oak_log":67,"minecraft:coal_ore":278,"iceandfire:silver_pile":3,"create:gabbro":5,"minecraft:sand":1,"minecraft:dirt":19,"minecraft:cobweb":31,"minecraft:mossy_stone_bricks":1,"minecraft:oak_leaves":38,"minecraft:infested_stone":2,"minecraft:fern":1,"quark:root":2},"minecraft:killed":{"minecraft:cave_spider":5,"iceandfire:gorgon":1,"minecraft:spider":1,"minecraft:skeleton":5,"minecraft:chicken":2,"minecraft:silverfish":6,"minecraft:iron_golem":1,"minecraft:zombie":9,"minecraft:cow":15,"minecraft:enderman":2},"minecraft:killed_by":{"iceandfire:gorgon":2,"minecraft:cave_spider":1}},"DataVersion":2586}