{"stats":{"minecraft:mined":{"farmersdelight:wild_carrots":8,"minecraft:crafting_table":6,"minecraft:torch":1,"minecraft:grass_block":1,"minecraft:cobblestone":2,"minecraft:spruce_leaves":5,"minecraft:sugar_cane":1,"minecraft:oak_planks":4,"minecraft:wall_torch":1,"minecraft:spawner":1,"minecraft:large_fern":3,"minecraft:furnace":4,"minecraft:iron_ore":36,"minecraft:sweet_berry_bush":11,"minecraft:spruce_log":1,"minecraft:birch_leaves":3,"create:copper_ore":3,"minecraft:yellow_bed":2,"minecraft:grass":2,"minecraft:coal_ore":31,"minecraft:oak_log":14,"iceandfire:silver_pile":3,"iceandfire:gold_pile":3,"minecraft:sand":1,"minecraft:dirt":6,"minecraft:cobweb":31,"minecraft:stone":73,"minecraft:fern":1,"minecraft:mossy_stone_bricks":1,"minecraft:oak_leaves":10,"quark:root":1},"minecraft:crafted":{"minecraft:cooked_beef":28,"minecraft:oak_planks":56,"sophisticatedbackpacks:backpack":1,"minecraft:crafting_table":1,"iceandfire:blindfold":1,"minecraft:iron_helmet":1,"minecraft:wooden_pickaxe":1,"minecraft:iron_sword":1,"minecraft:furnace":2,"minecraft:stone_axe":1,"minecraft:air":0,"minecraft:iron_boots":1,"minecraft:iron_chestplate":1,"minecraft:stick":16,"quark:oak_chest":1,"minecraft:iron_pickaxe":1,"minecraft:iron_ingot":36,"minecraft:stone_sword":1,"minecraft:iron_leggings":1,"minecraft:torch":28},"minecraft:killed_by":{"iceandfire:gorgon":2,"minecraft:cave_spider":1},"minecraft:killed":{"minecraft:cave_spider":5,"iceandfire:gorgon":1,"minecraft:iron_golem":1,"minecraft:chicken":1,"minecraft:cow":14,"minecraft:enderman":1},"minecraft:used":{"minecraft:mossy_stone_bricks":1,"minecraft:stone_sword":78,"minecraft:oak_planks":8,"minecraft:ender_pearl":1,"minecraft:wooden_pickaxe":3,"minecraft:iron_sword":30,"minecraft:torch":18,"farmersdelight:onion":5,"minecraft:dirt":4,"minecraft:crafting_table":6,"minecraft:spruce_log":1,"minecraft:apple":1,"minecraft:bread":4,"minecraft:iron_pickaxe":156,"carryon:entity_item":1,"minecraft:stone_axe":46,"minecraft:cobblestone":26,"minecraft:sweet_berries":34,"minecraft:oak_sapling":1,"minecraft:furnace":4,"minecraft:yellow_bed":1,"minecraft:cooked_beef":6},"minecraft:picked_up":{"minecraft:iron_chestplate":1,"minecraft:crafting_table":6,"minecraft:chicken":2,"minecraft:leather":24,"minecraft:wooden_pickaxe":2,"mca:book_rose_gold":3,"minecraft:oak_log":14,"minecraft:yellow_bed":2,"mca:book_romance":2,"iceandfire:manuscript":6,"minecraft:string":87,"minecraft:dirt":18,"minecraft:leather_boots":1,"minecraft:name_tag":1,"minecraft:iron_leggings":2,"create:copper_ore":9,"iceandfire:bestiary":2,"minecraft:wheat_seeds":5,"minecraft:gold_nugget":72,"minecraft:beef":49,"minecraft:iron_ingot":11,"minecraft:iron_ore":36,"minecraft:mossy_stone_bricks":1,"minecraft:iron_pickaxe":2,"minecraft:sugar_cane":6,"minecraft:iron_sword":2,"minecraft:oak_planks":17,"minecraft:iron_boots":1,"minecraft:egg":2,"minecraft:furnace":8,"minecraft:stick":4,"minecraft:sweet_berries":49,"minecraft:torch":21,"minecraft:sand":3,"minecraft:carrot":8,"minecraft:spruce_log":1,"minecraft:spider_eye":3,"alexsmobs:animal_dictionary":2,"iceandfire:blindfold":1,"iceandfire:silver_ingot":4,"minecraft:stone_sword":1,"minecraft:stone_axe":2,"minecraft:iron_helmet":1,"minecraft:gold_ingot":1,"iceandfire:gorgon_head":1,"minecraft:oak_sapling":1,"iceandfire:silver_nugget":30,"minecraft:coal":77,"minecraft:cobblestone":182,"minecraft:ender_pearl":2},"minecraft:dropped":{"iceandfire:silver_nugget":10,"minecraft:iron_ingot":5,"minecraft:furnace":2,"minecraft:wheat_seeds":3,"minecraft:stone_sword":1,"minecraft:cobblestone":29,"minecraft:gold_block":2,"minecraft:dirt":6,"minecraft:leather_boots":1,"minecraft:gold_nugget":18,"minecraft:sand":1,"minecraft:string":10,"minecraft:gold_ingot":1,"minecraft:egg":1},"minecraft:custom":{"minecraft:interact_with_furnace":26,"minecraft:mob_kills":24,"minecraft:interact_with_crafting_table":15,"minecraft:play_one_minute":75376,"minecraft:bell_ring":5,"minecraft:leave_game":3,"minecraft:time_since_death":28687,"minecraft:sleep_in_bed":2,"minecraft:climb_one_cm":2171,"minecraft:time_since_rest":28715,"minecraft:sprint_one_cm":187673,"minecraft:damage_taken":2147483647,"minecraft:walk_one_cm":157667,"minecraft:drop":29,"minecraft:damage_dealt":4846,"minecraft:swim_one_cm":14799,"minecraft:fly_one_cm":295463,"minecraft:open_chest":11,"minecraft:crouch_one_cm":1434,"minecraft:deaths":3,"minecraft:sneak_time":1350,"minecraft:walk_under_water_one_cm":3025,"minecraft:jump":1727,"minecraft:walk_on_water_one_cm":10052,"minecraft:fall_one_cm":49933}},"DataVersion":2586}