{"stats":{"minecraft:killed":{"alexsmobs:lobster":1,"minecraft:cave_spider":5,"minecraft:zombified_piglin":1,"minecraft:witch":1,"iceandfire:gorgon":1,"minecraft:spider":18,"minecraft:cod":2,"minecraft:skeleton":33,"minecraft:chicken":2,"minecraft:silverfish":18,"alexsmobs:straddler":1,"alexsmobs:centipede_head":2,"artifacts:mimic":2,"minecraft:magma_cube":18,"minecraft:wolf":1,"minecraft:pig":1,"minecraft:salmon":5,"minecraft:iron_golem":1,"alexsmobs:stradpole":3,"minecraft:creeper":6,"minecraft:trader_llama":2,"minecraft:zombie":58,"iceandfire:pixie":1,"minecraft:cow":17,"quark:toretoise":1,"iceandfire:siren":2,"minecraft:drowned":3,"iceandfire:troll":2,"minecraft:wandering_trader":1,"iceandfire:ghost":5,"minecraft:enderman":2},"minecraft:custom":{"minecraft:interact_with_crafting_table":114,"minecraft:open_barrel":12,"minecraft:bell_ring":5,"minecraft:leave_game":19,"minecraft:time_since_death":54085,"minecraft:sprint_one_cm":1451723,"minecraft:damage_blocked_by_shield":610,"minecraft:drop":169,"minecraft:talked_to_villager":1,"minecraft:deaths":29,"minecraft:jump":11818,"minecraft:walk_on_water_one_cm":108282,"minecraft:enchant_item":3,"minecraft:interact_with_furnace":118,"minecraft:play_one_minute":747840,"minecraft:sleep_in_bed":11,"minecraft:damage_dealt":40641,"minecraft:player_kills":1,"minecraft:crouch_one_cm":70294,"tombstone:undead_killed":11,"minecraft:interact_with_smoker":18,"minecraft:mob_kills":231,"minecraft:damage_dealt_resisted":296,"minecraft:climb_one_cm":6247,"minecraft:walk_one_cm":1404211,"minecraft:damage_dealt_absorbed":180,"minecraft:sneak_time":40427,"minecraft:walk_under_water_one_cm":136436,"minecraft:boat_one_cm":118162,"minecraft:time_since_rest":47218,"minecraft:damage_taken":2147483647,"minecraft:trigger_trapped_chest":5,"minecraft:swim_one_cm":165377,"minecraft:fly_one_cm":2975616,"minecraft:open_chest":270,"minecraft:fall_one_cm":340717},"minecraft:mined":{"minecraft:spruce_planks":1,"create:dolomite":20,"mahoutsukai:spell_cloth":7,"minecraft:obsidian":24,"minecraft:granite":5,"minecraft:grass_block":51,"tetra:forged_crate":1,"minecraft:spawner":1,"minecraft:tall_seagrass":4,"minecraft:iron_ore":277,"create:copper_ore":14,"iceandfire:gold_pile":3,"create:limestone":1,"minecraft:spruce_slab":3,"iceandfire:chared_cobblestone":6,"farmersdelight:wild_potatoes":8,"minecraft:blackstone":18,"tetra:scroll_rolled":7,"minecraft:clay":59,"minecraft:torch":5,"minecraft:poppy":10,"quark:stone_speleothem":3,"minecraft:cobblestone":7,"minecraft:damaged_anvil":1,"create:gabbro_cobblestone":3,"minecraft:oak_planks":7,"minecraft:sugar_cane":18,"minecraft:wall_torch":9,"minecraft:seagrass":2,"tconstruct:seared_faucet":1,"minecraft:wheat":1,"minecraft:wither_rose":1,"create:weathered_limestone":19,"minecraft:grass":126,"create:gabbro":27,"minecraft:oak_log":67,"minecraft:sand":332,"minecraft:dirt":75,"tconstruct:crafting_station":1,"tconstruct:seared_heater":2,"minecraft:netherrack":248,"minecraft:oak_leaves":38,"iceandfire:chared_stone":7,"create:zinc_ore":5,"minecraft:diamond_ore":12,"iceandfire:silver_ore":5,"tetra:block_geode":6,"farmersdelight:wild_carrots":8,"mahoutsukai:mahoujin_projector":4,"quark:cobbled_deepslate":18,"create:natural_scoria":6,"iceandfire:chared_dirt":6,"minecraft:spruce_leaves":170,"minecraft:sandstone":110,"minecraft:large_fern":3,"minecraft:redstone_ore":52,"minecraft:furnace":4,"minecraft:carrots":18,"iceandfire:copper_ore":3,"iceandfire:chared_gravel":1,"quark:smooth_basalt":58,"minecraft:gold_block":1,"minecraft:potatoes":16,"minecraft:stone":515,"minecraft:oak_slab":4,"minecraft:basalt":76,"minecraft:dandelion":1,"minecraft:crafting_table":9,"minecraft:emerald_ore":14,"tconstruct:seared_basin":2,"minecraft:tall_grass":10,"tconstruct:seared_ingot_tank":2,"minecraft:lapis_ore":17,"minecraft:sweet_berry_bush":11,"minecraft:spruce_log":130,"minecraft:birch_leaves":3,"minecraft:grass_path":1,"minecraft:yellow_bed":4,"quark:deepslate":484,"minecraft:coal_ore":527,"iceandfire:silver_pile":3,"quark:monster_box":3,"minecraft:gravel":224,"minecraft:cobweb":31,"minecraft:gold_ore":42,"minecraft:mossy_stone_bricks":1,"minecraft:fern":3,"minecraft:infested_stone":11,"quark:root":19},"minecraft:killed_by":{"minecraft:creeper":2,"alexsmobs:straddler":5,"minecraft:magma_cube":1,"minecraft:cave_spider":1,"artifacts:mimic":2,"minecraft:witch":2,"minecraft:zombie":2,"iceandfire:fire_dragon":1,"minecraft:player":4,"minecraft:enderman":1,"iceandfire:gorgon":2,"minecraft:skeleton":2},"minecraft:broken":{"minecraft:iron_shovel":2,"minecraft:iron_boots":1,"minecraft:iron_leggings":1,"minecraft:stone_pickaxe":1,"minecraft:stone_axe":1,"minecraft:iron_sword":1,"quark:forgotten_hat":1,"minecraft:bow":1,"minecraft:iron_pickaxe":5,"minecraft:iron_helmet":1},"minecraft:picked_up":{"minecraft:iron_chestplate":14,"create:dolomite_cobblestone":76,"iceandfire:copper_ore":5,"minecraft:lead":2,"minecraft:wither_rose":1,"minecraft:enchanted_book":1,"minecraft:golden_shovel":1,"create:limestone_cobblestone":29,"iceandfire:manuscript":52,"minecraft:string":123,"minecraft:iron_leggings":15,"mahoutsukai:spell_cloth":3,"minecraft:zombie_head":4,"minecraft:gold_nugget":247,"minecraft:bucket":5,"minecraft:spruce_planks":16,"minecraft:iron_pickaxe":16,"quark:root_item":31,"minecraft:iron_boots":11,"mahoutsukai:hammer":1,"minecraft:furnace":8,"mca:wedding_ring":1,"iceandfire:pixie_dust":2,"minecraft:stick":43,"minecraft:torch":438,"iceandfire:silver_ore":4,"minecraft:spruce_stairs":1,"alexsmobs:lobster_bucket":2,"minecraft:porkchop":3,"tconstruct:seared_faucet":1,"tombstone:grave_dust":3,"alexsmobs:centipede_leg":2,"minecraft:stone_sword":1,"minecraft:rotten_flesh":84,"create:scoria":5,"farmersdelight:tree_bark":9,"minecraft:obsidian":36,"minecraft:cod":2,"minecraft:snowball":16,"alexsmobs:lobster_tail":1,"minecraft:cobblestone":785,"tconstruct:seared_bricks":1,"minecraft:feather":2,"minecraft:cooked_beef":8,"minecraft:magma_cream":3,"minecraft:water_bucket":13,"minecraft:andesite":226,"minecraft:potato":254,"minecraft:flint":20,"tetra:forged_bolt":1,"create:gabbro_cobblestone":84,"minecraft:lapis_lazuli":184,"minecraft:dirt":145,"minecraft:name_tag":1,"minecraft:leather_boots":2,"minecraft:bone":72,"tetra:scroll_rolled":7,"farmersdelight:iron_knife":3,"create:copper_ore":20,"minecraft:bow":16,"minecraft:wheat_seeds":54,"minecraft:mossy_stone_bricks":1,"minecraft:oak_planks":48,"tetra:modular_double":1,"minecraft:poisonous_potato":4,"mahoutsukai:mahoujin_projector":8,"iceandfire:dragon_skull_fire":6,"iceandfire:shiny_scales":11,"minecraft:sand":341,"minecraft:stripped_spruce_log":8,"minecraft:grass_block":1,"alexsmobs:animal_dictionary":2,"iceandfire:chared_cobblestone":96,"quark:cobbled_deepslate":514,"minecraft:iron_hoe":5,"minecraft:clay":41,"tconstruct:seared_ingot_tank":2,"minecraft:diamond":15,"tconstruct:seared_basin":2,"minecraft:granite":10,"mahoutsukai:dagger":1,"minecraft:bone_meal":8,"minecraft:chainmail_helmet":3,"minecraft:emerald":26,"mahoutsukai:guidebook":1,"iceandfire:gorgon_head":2,"minecraft:oak_sapling":14,"minecraft:netherrack":248,"iceandfire:silver_nugget":36,"minecraft:diamond_pickaxe":3,"minecraft:fishing_rod":1,"tconstruct:crafting_station":1,"minecraft:crafting_table":9,"minecraft:chicken":3,"minecraft:clay_ball":276,"tconstruct:materials_and_you":1,"minecraft:wooden_pickaxe":2,"mca:book_rose_gold":3,"minecraft:gold_block":1,"minecraft:iron_axe":10,"minecraft:item_frame":1,"minecraft:iron_shovel":12,"minecraft:blackstone":18,"iceandfire:bestiary":2,"minecraft:beef":55,"minecraft:oak_boat":12,"create:zinc_ore":21,"minecraft:poppy":25,"minecraft:spruce_slab":6,"minecraft:sugar_cane":43,"minecraft:egg":4,"minecraft:sandstone":113,"iceandfire:dragonbone":197,"iceandfire:troll_tusk":1,"minecraft:oak_door":1,"minecraft:spruce_fence":1,"sophisticatedbackpacks:backpack":2,"minecraft:fire_charge":3,"minecraft:carrot":267,"minecraft:redstone":469,"mahoutsukai:powdered_diamond":2,"minecraft:prismarine_crystals":6,"iceandfire:dragon_skull_ice":1,"farmersdelight:cooked_cod_slice":4,"iceandfire:blindfold":1,"iceandfire:silver_ingot":7,"minecraft:arrow":65,"quark:smooth_basalt":65,"iceandfire:chared_dirt":8,"artifacts:cross_necklace":3,"minecraft:gold_ingot":2,"minecraft:rail":7,"minecraft:stripped_oak_log":1,"minecraft:basalt":74,"minecraft:salmon":5,"minecraft:leather":50,"minecraft:filled_map":1,"create:weathered_limestone_cobblestone":23,"minecraft:oak_log":77,"minecraft:lily_pad":12,"iceandfire:ectoplasm":8,"minecraft:golden_boots":2,"minecraft:yellow_bed":4,"minecraft:gunpowder":24,"mca:book_romance":2,"quark:forgotten_hat":1,"tconstruct:seared_heater":2,"minecraft:heart_of_the_sea":1,"minecraft:iron_ingot":30,"quark:tallow":2,"minecraft:iron_ore":313,"minecraft:iron_sword":19,"minecraft:oak_slab":7,"iceandfire:chared_stone":33,"iceandfire:copper_nugget":2,"minecraft:sweet_berries":49,"minecraft:dandelion":1,"minecraft:gravel":238,"minecraft:spruce_sapling":31,"minecraft:spruce_log":204,"minecraft:gold_ore":82,"artifacts:scarf_of_invisibility":1,"minecraft:spider_eye":17,"iceandfire:dragon_flute":1,"tetra:geode":5,"minecraft:stone_axe":2,"iceandfire:silver_sword":4,"minecraft:iron_helmet":13,"minecraft:baked_potato":93,"farmersdelight:cooked_salmon_slice":16,"minecraft:damaged_anvil":1,"iceandfire:chared_gravel":1,"minecraft:coal":840,"minecraft:ender_pearl":2},"minecraft:used":{"mahoutsukai:mahoujin_projector":7,"minecraft:iron_shovel":502,"quark:cobbled_deepslate":163,"minecraft:spruce_slab":4,"minecraft:poppy":1,"minecraft:oak_sign":2,"minecraft:shield":40,"mcwfurnitures:spruce_counter":1,"minecraft:iron_sword":494,"minecraft:rotten_flesh":10,"farmersdelight:cooked_cod_slice":4,"minecraft:carrot":91,"minecraft:obsidian":10,"minecraft:spruce_boat":1,"minecraft:lava_bucket":1,"alexsmobs:cooked_lobster_tail":1,"tconstruct:seared_faucet":2,"create:zinc_ore":1,"quark:smooth_basalt":8,"minecraft:item_frame":1,"carryon:tile_item":9,"farmersdelight:cutting_board":1,"minecraft:bow":18,"iceandfire:chared_stone":2,"minecraft:sweet_berries":34,"minecraft:oak_sapling":10,"minecraft:furnace":6,"tconstruct:smeltery_controller":1,"minecraft:potato":57,"minecraft:damaged_anvil":1,"minecraft:mossy_stone_bricks":1,"minecraft:stone_pickaxe":158,"minecraft:oak_planks":24,"minecraft:ender_pearl":1,"minecraft:wooden_pickaxe":3,"minecraft:sandstone":1,"minecraft:clay":1,"minecraft:sugar_cane":17,"minecraft:sand":7,"tetra:modular_double":1,"minecraft:bread":4,"tconstruct:seared_ingot_tank":3,"minecraft:gravel":6,"iceandfire:dragon_skull_fire":1,"tconstruct:crafting_station":2,"minecraft:oak_boat":12,"minecraft:bone_meal":22,"mahoutsukai:spell_cloth":7,"minecraft:enchanting_table":1,"minecraft:stone_sword":78,"iceandfire:silver_sword":235,"minecraft:flint_and_steel":1,"minecraft:spruce_planks":8,"minecraft:cooked_chicken":2,"minecraft:netherrack":10,"minecraft:oak_door":1,"minecraft:torch":919,"minecraft:dirt":79,"tetra:scroll_rolled":8,"tconstruct:seared_bricks":46,"minecraft:granite":2,"tconstruct:seared_heater":2,"minecraft:iron_hoe":84,"mcwfurnitures:spruce_chair":1,"minecraft:iron_axe":315,"carryon:entity_item":3,"tconstruct:tinker_station":1,"farmersdelight:cooked_salmon_slice":5,"minecraft:barrel":1,"minecraft:basalt":25,"minecraft:golden_carrot":23,"iceandfire:silver_pile":1,"minecraft:wolf_spawn_egg":1,"alexsmobs:lobster_bucket":2,"create:dolomite_cobblestone":12,"tombstone:gift":4,"minecraft:cooked_beef":26,"tconstruct:part_builder":1,"minecraft:wheat_seeds":2,"farmersdelight:iron_knife":12,"minecraft:water_bucket":51,"minecraft:baked_potato":80,"minecraft:gold_ore":2,"iceandfire:chared_dirt":4,"farmersdelight:onion":5,"minecraft:oak_slab":37,"minecraft:crafting_table":13,"create:weathered_limestone_cobblestone":2,"tconstruct:seared_basin":3,"minecraft:spruce_log":1,"minecraft:smoker":1,"minecraft:oak_log":29,"minecraft:diamond_pickaxe":951,"minecraft:apple":1,"tconstruct:part_chest":1,"minecraft:iron_pickaxe":1604,"minecraft:spruce_sapling":30,"quark:root_item":13,"create:limestone_cobblestone":7,"minecraft:stone_axe":114,"iceandfire:chared_gravel":1,"minecraft:cobblestone":173,"tconstruct:seared_melter":1,"create:gabbro_cobblestone":16,"minecraft:cooked_porkchop":3,"minecraft:bucket":59,"quark:oak_chest":4,"minecraft:yellow_bed":4,"minecraft:jukebox":1,"alexsmobs:animal_dictionary":1,"iceandfire:silver_shovel":176},"minecraft:crafted":{"minecraft:oak_planks":168,"minecraft:barrel":1,"minecraft:oak_sign":3,"minecraft:cooked_chicken":2,"iceandfire:silver_shovel":1,"mahoutsukai:dagger":1,"tconstruct:seared_melter":1,"minecraft:glass":93,"minecraft:bow":3,"minecraft:iron_boots":3,"tconstruct:seared_brick":228,"mahoutsukai:hammer":1,"tconstruct:seared_ingot_tank":1,"minecraft:smoker":1,"minecraft:golden_boots":1,"minecraft:item_frame":1,"minecraft:oak_slab":36,"sophisticatedbackpacks:backpack":3,"minecraft:cooked_porkchop":3,"minecraft:crafting_table":5,"iceandfire:blindfold":1,"minecraft:spruce_planks":260,"farmersdelight:iron_knife":1,"minecraft:iron_helmet":3,"minecraft:wooden_pickaxe":1,"minecraft:baked_potato":196,"mahoutsukai:spell_cloth":8,"farmersdelight:cutting_board":1,"minecraft:iron_chestplate":3,"minecraft:book":1,"minecraft:paper":6,"minecraft:diamond_pickaxe":2,"minecraft:purple_dye":2,"minecraft:shield":1,"mahoutsukai:powdered_diamond":1,"minecraft:stick":344,"quark:oak_chest":5,"minecraft:iron_ingot":238,"minecraft:iron_pickaxe":8,"minecraft:stone_sword":1,"minecraft:gold_ingot":43,"tconstruct:seared_bricks":46,"iceandfire:silver_sword":1,"tconstruct:seared_fuel_gauge":1,"minecraft:golden_carrot":23,"tconstruct:pattern":9,"tconstruct:part_builder":1,"minecraft:jukebox":1,"mahoutsukai:guidebook":1,"minecraft:furnace":3,"iceandfire:dragon_flute":1,"tconstruct:seared_basin":1,"minecraft:bone_meal":60,"minecraft:spruce_fence":3,"tconstruct:tinker_station":1,"mahoutsukai:attuner":1,"iceandfire:silver_pile":3,"minecraft:iron_axe":3,"minecraft:iron_hoe":1,"minecraft:spruce_slab":6,"minecraft:stone_pickaxe":2,"minecraft:spruce_boat":1,"mahoutsukai:powdered_gold":6,"quark:spruce_chest":3,"tetra:modular_double":1,"minecraft:cooked_beef":34,"minecraft:coal_block":30,"minecraft:red_dye":9,"minecraft:cooked_cod":2,"alexsmobs:cooked_lobster_tail":1,"minecraft:enchanting_table":1,"tconstruct:part_chest":1,"minecraft:iron_sword":2,"minecraft:cooked_salmon":5,"minecraft:bucket":2,"minecraft:stone_axe":1,"minecraft:air":0,"minecraft:blue_dye":2,"tconstruct:seared_heater":2,"minecraft:oak_boat":2,"minecraft:white_wool":2,"mahoutsukai:mahoujin_projector":1,"minecraft:gold_nugget":198,"tconstruct:crafting_station":1,"mcwfurnitures:spruce_counter":1,"tconstruct:seared_faucet":2,"minecraft:iron_shovel":2,"minecraft:iron_leggings":2,"minecraft:torch":1056,"mca:wedding_ring":1,"minecraft:clay":57,"tconstruct:grout":360,"mcwfurnitures:spruce_chair":1},"minecraft:dropped":{"farmersdelight:iron_knife":1,"minecraft:iron_sword":2,"minecraft:cooked_beef":4,"minecraft:oak_log":2,"minecraft:baked_potato":62,"iceandfire:chared_dirt":2,"minecraft:leather":6,"minecraft:rail":7,"minecraft:gold_block":2,"minecraft:item_frame":1,"minecraft:dirt":11,"minecraft:snowball":16,"quark:cobbled_deepslate":156,"minecraft:gold_nugget":62,"minecraft:bone_meal":46,"minecraft:sand":5,"farmersdelight:cooked_salmon_slice":5,"minecraft:bone":9,"minecraft:gold_ingot":1,"minecraft:rotten_flesh":33,"minecraft:golden_shovel":1,"evilcraft:flesh_humanoid":2,"minecraft:carrot":96,"iceandfire:shiny_scales":11,"alexsmobs:lobster_bucket":2,"create:dolomite_cobblestone":26,"create:scoria":1,"minecraft:leather_boots":2,"mahoutsukai:powdered_diamond":2,"create:zinc_ore":8,"tetra:modular_double":1,"artifacts:scarf_of_invisibility":1,"minecraft:netherrack":56,"iceandfire:manuscript":17,"minecraft:egg":2,"minecraft:enchanted_book":1,"minecraft:water_bucket":4,"minecraft:iron_ingot":56,"minecraft:wheat_seeds":12,"minecraft:poisonous_potato":2,"minecraft:iron_helmet":1,"minecraft:feather":2,"minecraft:cobblestone":36,"minecraft:prismarine_crystals":3,"minecraft:granite":1,"minecraft:chainmail_helmet":1,"minecraft:coal":1,"minecraft:blue_dye":1,"iceandfire:copper_nugget":2,"iceandfire:silver_sword":3,"minecraft:zombie_head":1,"minecraft:fire_charge":3,"tombstone:grave_dust":2,"minecraft:iron_leggings":1,"minecraft:string":19,"minecraft:lily_pad":8,"create:limestone_cobblestone":2,"iceandfire:dragon_skull_fire":2,"minecraft:spruce_sapling":1,"iceandfire:dragonbone":61,"iceandfire:silver_nugget":10,"minecraft:furnace":2,"minecraft:stone_sword":1,"iceandfire:silver_ore":1,"minecraft:clay_ball":12,"minecraft:iron_boots":1,"sophisticatedbackpacks:backpack":3,"iceandfire:dragon_skull_ice":1,"minecraft:spruce_fence":1,"minecraft:filled_map":1,"quark:smooth_basalt":3,"minecraft:potato":3,"minecraft:spruce_planks":29,"iceandfire:chared_cobblestone":32,"minecraft:diamond_pickaxe":2,"minecraft:iron_chestplate":2,"minecraft:spider_eye":5,"minecraft:spruce_log":34,"minecraft:sandstone":105,"minecraft:bow":1,"minecraft:stone_pickaxe":1,"create:gabbro_cobblestone":14}},"DataVersion":2586}