{"stats":{"minecraft:killed_by":{"minecraft:creeper":2,"alexsmobs:straddler":5,"minecraft:magma_cube":1,"minecraft:cave_spider":1,"artifacts:mimic":2,"minecraft:witch":2,"minecraft:zombie":2,"iceandfire:fire_dragon":1,"minecraft:player":4,"minecraft:enderman":1,"iceandfire:gorgon":2,"minecraft:skeleton":1},"minecraft:mined":{"minecraft:spruce_planks":1,"create:dolomite":20,"mahoutsukai:spell_cloth":7,"minecraft:obsidian":14,"minecraft:granite":5,"minecraft:grass_block":51,"tetra:forged_crate":1,"minecraft:spawner":1,"minecraft:tall_seagrass":4,"minecraft:iron_ore":248,"create:copper_ore":3,"iceandfire:gold_pile":3,"minecraft:spruce_slab":3,"create:limestone":1,"iceandfire:chared_cobblestone":6,"farmersdelight:wild_potatoes":8,"minecraft:blackstone":18,"tetra:scroll_rolled":7,"minecraft:clay":58,"minecraft:torch":5,"minecraft:poppy":10,"quark:stone_speleothem":3,"minecraft:cobblestone":7,"create:gabbro_cobblestone":3,"minecraft:damaged_anvil":1,"minecraft:oak_planks":7,"minecraft:sugar_cane":18,"minecraft:wall_torch":8,"minecraft:seagrass":2,"minecraft:wheat":1,"minecraft:wither_rose":1,"create:weathered_limestone":2,"minecraft:grass":120,"minecraft:oak_log":67,"create:gabbro":27,"minecraft:sand":80,"minecraft:dirt":55,"minecraft:netherrack":248,"minecraft:oak_leaves":38,"iceandfire:chared_stone":7,"create:zinc_ore":5,"minecraft:diamond_ore":12,"iceandfire:silver_ore":3,"tetra:block_geode":3,"farmersdelight:wild_carrots":8,"mahoutsukai:mahoujin_projector":4,"quark:cobbled_deepslate":18,"create:natural_scoria":6,"iceandfire:chared_dirt":6,"minecraft:spruce_leaves":170,"minecraft:sandstone":110,"minecraft:large_fern":3,"minecraft:redstone_ore":52,"minecraft:furnace":4,"minecraft:carrots":16,"iceandfire:copper_ore":3,"iceandfire:chared_gravel":1,"quark:smooth_basalt":13,"minecraft:gold_block":1,"minecraft:potatoes":16,"minecraft:stone":386,"minecraft:oak_slab":4,"minecraft:basalt":76,"minecraft:dandelion":1,"minecraft:crafting_table":9,"minecraft:emerald_ore":14,"minecraft:tall_grass":8,"minecraft:lapis_ore":13,"minecraft:sweet_berry_bush":11,"minecraft:spruce_log":130,"minecraft:birch_leaves":3,"minecraft:grass_path":1,"minecraft:yellow_bed":4,"quark:deepslate":426,"minecraft:coal_ore":493,"iceandfire:silver_pile":3,"quark:monster_box":3,"minecraft:gravel":218,"minecraft:cobweb":31,"minecraft:gold_ore":36,"minecraft:mossy_stone_bricks":1,"minecraft:infested_stone":11,"minecraft:fern":3,"quark:root":19},"minecraft:dropped":{"farmersdelight:iron_knife":1,"minecraft:iron_sword":2,"minecraft:cooked_beef":4,"minecraft:oak_log":2,"minecraft:baked_potato":14,"iceandfire:chared_dirt":2,"minecraft:leather":5,"minecraft:rail":7,"minecraft:item_frame":1,"minecraft:gold_block":2,"minecraft:dirt":11,"minecraft:snowball":16,"quark:cobbled_deepslate":156,"minecraft:gold_nugget":61,"minecraft:bone_meal":46,"minecraft:sand":5,"farmersdelight:cooked_salmon_slice":5,"minecraft:gold_ingot":1,"minecraft:rotten_flesh":33,"minecraft:golden_shovel":1,"evilcraft:flesh_humanoid":2,"minecraft:carrot":26,"iceandfire:shiny_scales":11,"alexsmobs:lobster_bucket":2,"create:dolomite_cobblestone":26,"create:scoria":1,"minecraft:leather_boots":2,"mahoutsukai:powdered_diamond":1,"create:zinc_ore":8,"tetra:modular_double":1,"artifacts:scarf_of_invisibility":1,"minecraft:netherrack":56,"iceandfire:manuscript":17,"minecraft:egg":2,"minecraft:water_bucket":3,"minecraft:iron_ingot":56,"minecraft:wheat_seeds":10,"minecraft:poisonous_potato":2,"minecraft:iron_helmet":1,"minecraft:feather":2,"minecraft:cobblestone":36,"minecraft:prismarine_crystals":3,"minecraft:granite":1,"minecraft:chainmail_helmet":1,"minecraft:coal":1,"minecraft:blue_dye":1,"iceandfire:copper_nugget":2,"iceandfire:silver_sword":1,"minecraft:zombie_head":1,"minecraft:fire_charge":3,"minecraft:string":13,"minecraft:lily_pad":8,"create:limestone_cobblestone":2,"iceandfire:dragon_skull_fire":2,"minecraft:spruce_sapling":1,"iceandfire:dragonbone":61,"iceandfire:silver_nugget":10,"minecraft:furnace":2,"minecraft:stone_sword":1,"minecraft:clay_ball":12,"minecraft:iron_boots":1,"sophisticatedbackpacks:backpack":3,"iceandfire:dragon_skull_ice":1,"minecraft:filled_map":1,"quark:smooth_basalt":3,"minecraft:potato":3,"iceandfire:chared_cobblestone":32,"minecraft:diamond_pickaxe":1,"minecraft:iron_chestplate":1,"minecraft:spider_eye":5,"minecraft:spruce_log":34,"minecraft:sandstone":105,"minecraft:bow":1,"minecraft:stone_pickaxe":1,"create:gabbro_cobblestone":14},"minecraft:custom":{"minecraft:interact_with_crafting_table":98,"minecraft:open_barrel":9,"minecraft:bell_ring":5,"minecraft:leave_game":18,"minecraft:time_since_death":16669,"minecraft:sprint_one_cm":1258645,"minecraft:damage_blocked_by_shield":610,"minecraft:drop":148,"minecraft:talked_to_villager":1,"minecraft:deaths":28,"minecraft:jump":10162,"minecraft:walk_on_water_one_cm":94448,"minecraft:enchant_item":3,"minecraft:interact_with_furnace":91,"minecraft:play_one_minute":651714,"minecraft:sleep_in_bed":10,"minecraft:damage_dealt":37789,"minecraft:player_kills":1,"minecraft:crouch_one_cm":64755,"tombstone:undead_killed":1,"minecraft:interact_with_smoker":17,"minecraft:mob_kills":218,"minecraft:damage_dealt_resisted":296,"minecraft:climb_one_cm":3564,"minecraft:walk_one_cm":1227966,"minecraft:damage_dealt_absorbed":180,"minecraft:sneak_time":38723,"minecraft:walk_under_water_one_cm":132324,"minecraft:boat_one_cm":115104,"minecraft:time_since_rest":16234,"minecraft:damage_taken":2147483647,"minecraft:trigger_trapped_chest":4,"minecraft:swim_one_cm":159213,"minecraft:fly_one_cm":2619492,"minecraft:open_chest":208,"minecraft:fall_one_cm":285405},"minecraft:killed":{"alexsmobs:lobster":1,"minecraft:cave_spider":5,"minecraft:witch":1,"iceandfire:gorgon":1,"minecraft:spider":18,"minecraft:cod":2,"minecraft:skeleton":26,"minecraft:chicken":2,"minecraft:silverfish":18,"alexsmobs:straddler":1,"alexsmobs:centipede_head":2,"artifacts:mimic":2,"minecraft:wolf":1,"minecraft:magma_cube":18,"minecraft:pig":1,"minecraft:salmon":5,"minecraft:iron_golem":1,"alexsmobs:stradpole":3,"minecraft:creeper":6,"minecraft:trader_llama":2,"minecraft:zombie":56,"iceandfire:pixie":1,"minecraft:cow":17,"quark:toretoise":1,"iceandfire:siren":2,"minecraft:drowned":3,"iceandfire:troll":2,"minecraft:wandering_trader":1,"iceandfire:ghost":5,"minecraft:enderman":2},"minecraft:picked_up":{"minecraft:iron_chestplate":14,"create:dolomite_cobblestone":76,"iceandfire:copper_ore":5,"minecraft:lead":2,"minecraft:wither_rose":1,"minecraft:enchanted_book":1,"minecraft:golden_shovel":1,"create:limestone_cobblestone":29,"iceandfire:manuscript":52,"minecraft:string":123,"minecraft:iron_leggings":15,"mahoutsukai:spell_cloth":3,"minecraft:zombie_head":4,"minecraft:gold_nugget":246,"minecraft:bucket":3,"minecraft:spruce_planks":16,"quark:root_item":31,"minecraft:iron_pickaxe":16,"mahoutsukai:hammer":1,"mca:wedding_ring":1,"minecraft:iron_boots":11,"minecraft:furnace":8,"iceandfire:pixie_dust":2,"minecraft:stick":41,"minecraft:torch":437,"minecraft:spruce_stairs":1,"iceandfire:silver_ore":3,"alexsmobs:lobster_bucket":2,"minecraft:porkchop":3,"alexsmobs:centipede_leg":2,"minecraft:stone_sword":1,"minecraft:rotten_flesh":83,"create:scoria":5,"farmersdelight:tree_bark":9,"minecraft:obsidian":26,"minecraft:cod":2,"minecraft:snowball":16,"alexsmobs:lobster_tail":1,"minecraft:cobblestone":694,"minecraft:feather":2,"minecraft:cooked_beef":8,"minecraft:magma_cream":3,"minecraft:water_bucket":13,"minecraft:andesite":226,"minecraft:potato":195,"minecraft:flint":20,"tetra:forged_bolt":1,"create:gabbro_cobblestone":84,"minecraft:lapis_lazuli":163,"minecraft:dirt":145,"minecraft:name_tag":1,"minecraft:leather_boots":2,"minecraft:bone":62,"tetra:scroll_rolled":7,"farmersdelight:iron_knife":3,"create:copper_ore":9,"minecraft:bow":16,"minecraft:wheat_seeds":53,"minecraft:mossy_stone_bricks":1,"minecraft:oak_planks":48,"tetra:modular_double":1,"mahoutsukai:mahoujin_projector":8,"minecraft:poisonous_potato":4,"iceandfire:dragon_skull_fire":6,"iceandfire:shiny_scales":11,"minecraft:sand":94,"minecraft:stripped_spruce_log":8,"minecraft:grass_block":1,"alexsmobs:animal_dictionary":2,"iceandfire:chared_cobblestone":96,"quark:cobbled_deepslate":456,"minecraft:iron_hoe":5,"minecraft:clay":41,"minecraft:diamond":15,"mahoutsukai:dagger":1,"minecraft:granite":10,"minecraft:bone_meal":8,"minecraft:chainmail_helmet":3,"minecraft:emerald":26,"mahoutsukai:guidebook":1,"iceandfire:gorgon_head":2,"minecraft:oak_sapling":14,"minecraft:netherrack":248,"iceandfire:silver_nugget":36,"minecraft:diamond_pickaxe":2,"minecraft:fishing_rod":1,"minecraft:crafting_table":9,"minecraft:chicken":3,"minecraft:clay_ball":272,"tconstruct:materials_and_you":1,"minecraft:wooden_pickaxe":2,"mca:book_rose_gold":3,"minecraft:gold_block":1,"minecraft:iron_axe":10,"minecraft:item_frame":1,"minecraft:iron_shovel":12,"minecraft:blackstone":18,"iceandfire:bestiary":2,"minecraft:beef":55,"minecraft:oak_boat":9,"create:zinc_ore":21,"minecraft:poppy":25,"minecraft:spruce_slab":6,"minecraft:sugar_cane":43,"minecraft:egg":4,"minecraft:sandstone":113,"iceandfire:dragonbone":197,"minecraft:oak_door":1,"minecraft:spruce_fence":1,"sophisticatedbackpacks:backpack":2,"minecraft:fire_charge":3,"minecraft:carrot":203,"minecraft:redstone":469,"mahoutsukai:powdered_diamond":2,"minecraft:prismarine_crystals":6,"iceandfire:dragon_skull_ice":1,"farmersdelight:cooked_cod_slice":4,"iceandfire:blindfold":1,"iceandfire:silver_ingot":7,"minecraft:arrow":53,"quark:smooth_basalt":21,"iceandfire:chared_dirt":8,"artifacts:cross_necklace":3,"minecraft:gold_ingot":1,"minecraft:rail":7,"minecraft:stripped_oak_log":1,"minecraft:basalt":74,"minecraft:salmon":5,"minecraft:leather":50,"minecraft:filled_map":1,"create:weathered_limestone_cobblestone":6,"minecraft:oak_log":77,"minecraft:lily_pad":12,"iceandfire:ectoplasm":8,"minecraft:golden_boots":2,"minecraft:yellow_bed":4,"minecraft:gunpowder":24,"mca:book_romance":2,"quark:forgotten_hat":1,"minecraft:heart_of_the_sea":1,"minecraft:iron_ingot":30,"quark:tallow":2,"minecraft:iron_ore":284,"minecraft:iron_sword":19,"minecraft:oak_slab":7,"iceandfire:chared_stone":33,"iceandfire:copper_nugget":2,"minecraft:sweet_berries":49,"minecraft:dandelion":1,"minecraft:gravel":238,"minecraft:spruce_sapling":31,"minecraft:spruce_log":204,"minecraft:gold_ore":76,"artifacts:scarf_of_invisibility":1,"minecraft:spider_eye":17,"iceandfire:dragon_flute":1,"tetra:geode":2,"minecraft:stone_axe":2,"iceandfire:silver_sword":2,"minecraft:iron_helmet":13,"minecraft:baked_potato":93,"farmersdelight:cooked_salmon_slice":16,"minecraft:damaged_anvil":1,"iceandfire:chared_gravel":1,"minecraft:coal":806,"minecraft:ender_pearl":2},"minecraft:crafted":{"minecraft:oak_planks":168,"minecraft:barrel":1,"minecraft:oak_sign":3,"minecraft:cooked_chicken":2,"iceandfire:silver_shovel":1,"mahoutsukai:dagger":1,"minecraft:glass":6,"minecraft:bow":3,"minecraft:iron_boots":2,"tconstruct:seared_brick":128,"mahoutsukai:hammer":1,"tconstruct:seared_ingot_tank":1,"minecraft:smoker":1,"minecraft:golden_boots":1,"minecraft:item_frame":1,"minecraft:oak_slab":36,"sophisticatedbackpacks:backpack":3,"minecraft:cooked_porkchop":3,"minecraft:crafting_table":5,"iceandfire:blindfold":1,"minecraft:spruce_planks":260,"farmersdelight:iron_knife":1,"minecraft:iron_helmet":3,"minecraft:wooden_pickaxe":1,"minecraft:baked_potato":81,"mahoutsukai:spell_cloth":8,"farmersdelight:cutting_board":1,"minecraft:iron_chestplate":2,"minecraft:book":1,"minecraft:paper":6,"minecraft:diamond_pickaxe":2,"minecraft:purple_dye":2,"minecraft:shield":1,"mahoutsukai:powdered_diamond":1,"minecraft:stick":344,"quark:oak_chest":5,"minecraft:iron_ingot":238,"minecraft:iron_pickaxe":8,"minecraft:stone_sword":1,"minecraft:gold_ingot":43,"iceandfire:silver_sword":1,"minecraft:golden_carrot":23,"tconstruct:pattern":9,"tconstruct:part_builder":1,"minecraft:jukebox":1,"mahoutsukai:guidebook":1,"minecraft:furnace":3,"iceandfire:dragon_flute":1,"minecraft:bone_meal":60,"minecraft:spruce_fence":3,"tconstruct:tinker_station":1,"mahoutsukai:attuner":1,"iceandfire:silver_pile":3,"minecraft:iron_axe":3,"minecraft:spruce_slab":6,"minecraft:iron_hoe":1,"minecraft:stone_pickaxe":2,"minecraft:spruce_boat":1,"mahoutsukai:powdered_gold":6,"quark:spruce_chest":3,"tetra:modular_double":1,"minecraft:cooked_beef":34,"minecraft:coal_block":30,"minecraft:red_dye":9,"minecraft:cooked_cod":2,"alexsmobs:cooked_lobster_tail":1,"minecraft:enchanting_table":1,"tconstruct:part_chest":1,"minecraft:iron_sword":2,"minecraft:cooked_salmon":5,"minecraft:bucket":2,"minecraft:stone_axe":1,"minecraft:air":0,"minecraft:blue_dye":2,"minecraft:oak_boat":2,"minecraft:white_wool":2,"mahoutsukai:mahoujin_projector":1,"minecraft:gold_nugget":189,"tconstruct:crafting_station":1,"mcwfurnitures:spruce_counter":1,"minecraft:iron_shovel":1,"minecraft:iron_leggings":1,"minecraft:torch":1048,"mca:wedding_ring":1,"minecraft:clay":57,"tconstruct:grout":128,"mcwfurnitures:spruce_chair":1},"minecraft:used":{"mahoutsukai:mahoujin_projector":7,"minecraft:iron_shovel":252,"quark:cobbled_deepslate":163,"minecraft:spruce_slab":4,"minecraft:poppy":1,"minecraft:oak_sign":2,"minecraft:shield":40,"mcwfurnitures:spruce_counter":1,"minecraft:iron_sword":494,"minecraft:rotten_flesh":10,"farmersdelight:cooked_cod_slice":4,"minecraft:carrot":80,"minecraft:obsidian":10,"minecraft:spruce_boat":1,"alexsmobs:cooked_lobster_tail":1,"create:zinc_ore":1,"quark:smooth_basalt":8,"minecraft:item_frame":1,"carryon:tile_item":9,"minecraft:bow":18,"farmersdelight:cutting_board":1,"iceandfire:chared_stone":2,"minecraft:sweet_berries":34,"minecraft:oak_sapling":10,"minecraft:furnace":6,"minecraft:potato":57,"minecraft:damaged_anvil":1,"minecraft:mossy_stone_bricks":1,"minecraft:stone_pickaxe":158,"minecraft:oak_planks":24,"minecraft:ender_pearl":1,"minecraft:wooden_pickaxe":3,"minecraft:sandstone":1,"minecraft:sugar_cane":17,"minecraft:sand":5,"tetra:modular_double":1,"minecraft:bread":4,"minecraft:gravel":6,"iceandfire:dragon_skull_fire":1,"tconstruct:crafting_station":1,"minecraft:oak_boat":9,"minecraft:bone_meal":22,"mahoutsukai:spell_cloth":7,"minecraft:enchanting_table":1,"minecraft:stone_sword":78,"iceandfire:silver_sword":177,"minecraft:flint_and_steel":1,"minecraft:spruce_planks":8,"minecraft:cooked_chicken":2,"minecraft:netherrack":10,"minecraft:oak_door":1,"minecraft:torch":911,"minecraft:dirt":79,"tetra:scroll_rolled":8,"minecraft:granite":2,"minecraft:iron_hoe":84,"mcwfurnitures:spruce_chair":1,"minecraft:iron_axe":315,"carryon:entity_item":3,"farmersdelight:cooked_salmon_slice":5,"minecraft:barrel":1,"minecraft:basalt":25,"minecraft:golden_carrot":23,"iceandfire:silver_pile":1,"minecraft:wolf_spawn_egg":1,"alexsmobs:lobster_bucket":2,"create:dolomite_cobblestone":12,"tombstone:gift":3,"minecraft:cooked_beef":26,"tconstruct:part_builder":1,"minecraft:wheat_seeds":2,"farmersdelight:iron_knife":12,"minecraft:water_bucket":43,"minecraft:baked_potato":53,"minecraft:gold_ore":2,"iceandfire:chared_dirt":4,"farmersdelight:onion":5,"minecraft:oak_slab":37,"minecraft:crafting_table":13,"create:weathered_limestone_cobblestone":2,"minecraft:spruce_log":1,"minecraft:smoker":1,"minecraft:oak_log":29,"minecraft:diamond_pickaxe":578,"minecraft:apple":1,"tconstruct:part_chest":1,"minecraft:iron_pickaxe":1604,"minecraft:spruce_sapling":30,"quark:root_item":13,"create:limestone_cobblestone":7,"minecraft:stone_axe":114,"iceandfire:chared_gravel":1,"minecraft:cobblestone":172,"create:gabbro_cobblestone":16,"minecraft:cooked_porkchop":3,"minecraft:bucket":47,"minecraft:jukebox":1,"minecraft:yellow_bed":4,"quark:oak_chest":4,"alexsmobs:animal_dictionary":1,"iceandfire:silver_shovel":176},"minecraft:broken":{"minecraft:iron_shovel":1,"minecraft:iron_boots":1,"minecraft:iron_leggings":1,"minecraft:stone_pickaxe":1,"minecraft:stone_axe":1,"minecraft:iron_sword":1,"quark:forgotten_hat":1,"minecraft:bow":1,"minecraft:iron_pickaxe":5,"minecraft:iron_helmet":1}},"DataVersion":2586}