{"stats":{"minecraft:mined":{"create:zinc_ore":2,"minecraft:diamond_ore":9,"minecraft:white_bed":3,"iceandfire:silver_ore":11,"minecraft:oak_door":2,"tetra:block_geode":5,"quark:cobbled_deepslate":2,"minecraft:grass_block":50,"sophisticatedbackpacks:iron_backpack":1,"minecraft:spruce_leaves":2,"minecraft:redstone_ore":28,"iceandfire:copper_ore":19,"minecraft:iron_ore":134,"minecraft:andesite":266,"create:copper_ore":47,"quark:smooth_basalt":10,"minecraft:oak_sign":1,"minecraft:stone":835,"minecraft:brown_mushroom":1,"minecraft:dandelion":1,"minecraft:oak_fence":2,"minecraft:clay":6,"minecraft:crafting_table":1,"minecraft:cornflower":1,"minecraft:torch":4,"quark:stone_speleothem":1,"minecraft:rose_bush":1,"minecraft:tall_grass":6,"minecraft:cobblestone":16,"minecraft:lapis_ore":3,"minecraft:oak_planks":7,"minecraft:wall_torch":7,"minecraft:birch_planks":25,"minecraft:birch_log":37,"quark:marble":8,"minecraft:sweet_berry_bush":14,"minecraft:birch_leaves":15,"quark:deepslate":276,"minecraft:yellow_bed":2,"minecraft:grass":74,"minecraft:oak_log":60,"minecraft:coal_ore":360,"minecraft:gravel":45,"minecraft:dirt":40,"minecraft:gold_ore":12,"minecraft:oak_leaves":84,"quark:root":2},"minecraft:picked_up":{"minecraft:fishing_rod":1,"minecraft:crafting_table":2,"minecraft:chicken":3,"iceandfire:copper_ore":18,"minecraft:clay_ball":86,"minecraft:brown_mushroom":5,"minecraft:wooden_pickaxe":4,"mca:book_rose_gold":2,"minecraft:gold_block":2,"minecraft:shield":1,"minecraft:cornflower":1,"minecraft:string":22,"minecraft:cooked_salmon":3,"minecraft:oak_sign":1,"minecraft:gold_nugget":18,"minecraft:spruce_planks":48,"minecraft:rose_bush":1,"create:zinc_ore":2,"quark:root_item":10,"minecraft:iron_pickaxe":9,"minecraft:iron_boots":2,"minecraft:egg":1,"minecraft:stick":64,"minecraft:oak_door":2,"minecraft:oak_fence":2,"minecraft:torch":326,"iceandfire:silver_ore":23,"minecraft:porkchop":1,"minecraft:carrot":13,"minecraft:redstone":334,"minecraft:stone_sword":5,"minecraft:arrow":21,"minecraft:rotten_flesh":41,"quark:smooth_basalt":20,"minecraft:gold_ingot":1,"minecraft:mutton":7,"minecraft:rail":7,"quark:marble":8,"minecraft:white_wool":2,"minecraft:cobblestone":1427,"minecraft:birch_log":37,"minecraft:feather":1,"minecraft:water_bucket":5,"minecraft:andesite":451,"minecraft:brown_wool":2,"minecraft:birch_planks":39,"minecraft:flint":8,"minecraft:oak_log":62,"minecraft:lily_pad":8,"minecraft:gunpowder":1,"minecraft:yellow_bed":2,"mca:book_romance":1,"minecraft:lapis_lazuli":117,"minecraft:dirt":96,"minecraft:cooked_mutton":6,"minecraft:bone":4,"create:copper_ore":42,"minecraft:apple":2,"quark:music_disc_crickets":1,"minecraft:wheat_seeds":9,"minecraft:stone_pickaxe":12,"minecraft:iron_ingot":21,"quark:tallow":2,"minecraft:iron_ore":246,"minecraft:iron_sword":1,"minecraft:oak_planks":7,"minecraft:cooked_porkchop":1,"minecraft:sweet_berries":61,"minecraft:dandelion":2,"minecraft:gravel":175,"sophisticatedbackpacks:iron_backpack":7,"minecraft:white_bed":3,"minecraft:gold_ore":41,"minecraft:spider_eye":2,"quark:cobbled_deepslate":476,"tetra:geode":14,"minecraft:diamond":18,"iceandfire:silver_sword":5,"minecraft:golden_apple":1,"minecraft:gray_wool":1,"minecraft:bread":14,"minecraft:baked_potato":23,"minecraft:oak_sapling":11,"iceandfire:silver_nugget":10,"minecraft:coal":629},"minecraft:broken":{"minecraft:wooden_pickaxe":14,"minecraft:stone_pickaxe":3,"minecraft:wooden_sword":1,"minecraft:iron_pickaxe":4},"minecraft:custom":{"minecraft:mob_kills":25,"minecraft:interact_with_crafting_table":12,"minecraft:open_barrel":3,"minecraft:leave_game":8,"minecraft:time_since_death":930,"minecraft:sprint_one_cm":461415,"minecraft:walk_one_cm":968075,"minecraft:drop":371,"minecraft:deaths":12,"minecraft:sneak_time":94,"minecraft:walk_under_water_one_cm":5814,"minecraft:jump":2115,"minecraft:walk_on_water_one_cm":32844,"minecraft:interact_with_furnace":31,"minecraft:play_one_minute":354724,"minecraft:sleep_in_bed":10,"minecraft:time_since_rest":960,"minecraft:damage_taken":4717,"minecraft:damage_dealt":4137,"minecraft:swim_one_cm":6485,"minecraft:fly_one_cm":72962,"minecraft:open_chest":34,"minecraft:crouch_one_cm":333,"minecraft:fall_one_cm":23176},"minecraft:crafted":{"minecraft:wooden_sword":4,"minecraft:oak_door":3,"minecraft:oak_planks":184,"quark:vertical_birch_planks":2,"minecraft:cooked_chicken":3,"minecraft:furnace":3,"quark:birch_ladder":34,"minecraft:cooked_mutton":7,"minecraft:stone_pickaxe":14,"tetra:modular_double":1,"iceandfire:copper_ingot":3,"minecraft:cooked_porkchop":1,"minecraft:crafting_table":1,"minecraft:wooden_pickaxe":14,"minecraft:iron_sword":1,"minecraft:birch_planks":134,"minecraft:stick":224,"quark:oak_chest":5,"minecraft:iron_pickaxe":4,"minecraft:stone_sword":2,"minecraft:gold_ingot":8},"minecraft:killed":{"alexsmobs:raccoon":1,"minecraft:spider":1,"minecraft:chicken":3,"minecraft:pig":1,"minecraft:sheep":5,"minecraft:zombie":10},"minecraft:used":{"minecraft:stone_sword":88,"iceandfire:silver_sword":47,"minecraft:rotten_flesh":5,"minecraft:oak_door":3,"minecraft:torch":22,"minecraft:dirt":45,"minecraft:carrot":20,"minecraft:sweet_berries":71,"minecraft:furnace":3,"minecraft:cooked_mutton":1,"minecraft:birch_planks":119,"minecraft:stone_pickaxe":576,"minecraft:baked_potato":11,"minecraft:wooden_pickaxe":815,"minecraft:brown_mushroom":1,"minecraft:crafting_table":2,"tetra:modular_double":1,"minecraft:white_bed":2,"minecraft:bread":6,"minecraft:iron_pickaxe":993,"minecraft:wooden_sword":127,"minecraft:cobblestone":87,"minecraft:yellow_bed":2,"quark:oak_chest":2},"minecraft:killed_by":{"minecraft:player":2,"minecraft:creeper":2,"minecraft:skeleton":3,"minecraft:zombie":2,"minecraft:witch":1},"minecraft:dropped":{"minecraft:wheat_seeds":1,"minecraft:baked_potato":2,"minecraft:diamond":9,"minecraft:oak_fence":2,"minecraft:cobblestone":148,"minecraft:dirt":2,"minecraft:string":1,"minecraft:rotten_flesh":2,"iceandfire:silver_ore":17,"minecraft:andesite":177,"minecraft:iron_ore":77,"minecraft:stone_pickaxe":1}},"DataVersion":2586}