{"stats":{"minecraft:mined":{"minecraft:oak_door":1,"minecraft:birch_log":26,"minecraft:birch_leaves":4,"minecraft:yellow_bed":2,"minecraft:grass":8,"minecraft:grass_block":31,"minecraft:oak_log":9,"minecraft:dirt":5,"minecraft:tall_grass":1,"minecraft:stone":63,"minecraft:oak_leaves":8,"minecraft:wall_torch":4},"minecraft:crafted":{"minecraft:wooden_sword":3,"minecraft:oak_planks":34,"minecraft:crafting_table":1,"quark:vertical_birch_planks":2,"minecraft:stick":36,"minecraft:wooden_pickaxe":6,"minecraft:birch_planks":94},"minecraft:broken":{"minecraft:wooden_pickaxe":1},"minecraft:used":{"minecraft:bread":3,"minecraft:wooden_pickaxe":99,"minecraft:yellow_bed":1},"minecraft:picked_up":{"minecraft:birch_log":26,"minecraft:oak_door":1,"minecraft:torch":4,"minecraft:wooden_pickaxe":1,"minecraft:oak_log":9,"minecraft:yellow_bed":2,"minecraft:dirt":36,"minecraft:wheat_seeds":2,"minecraft:bread":6,"minecraft:oak_sapling":2,"minecraft:cobblestone":61},"minecraft:custom":{"minecraft:time_since_rest":10412,"minecraft:sprint_one_cm":20083,"minecraft:damage_taken":180,"minecraft:walk_one_cm":77700,"minecraft:swim_one_cm":2107,"minecraft:interact_with_crafting_table":1,"minecraft:fly_one_cm":7301,"minecraft:open_chest":1,"minecraft:play_one_minute":27349,"minecraft:walk_under_water_one_cm":145,"minecraft:jump":146,"minecraft:leave_game":2,"minecraft:time_since_death":27349,"minecraft:walk_on_water_one_cm":3523,"minecraft:sleep_in_bed":1,"minecraft:fall_one_cm":1977}},"DataVersion":2586}