{"stats":{"minecraft:mined":{"minecraft:birch_planks":25,"iceandfire:copper_ore":4,"minecraft:oak_door":2,"minecraft:birch_log":31,"minecraft:birch_leaves":14,"minecraft:dandelion":1,"minecraft:yellow_bed":2,"minecraft:torch":1,"minecraft:grass":9,"minecraft:coal_ore":84,"minecraft:grass_block":32,"minecraft:oak_log":35,"minecraft:dirt":14,"minecraft:cobblestone":4,"minecraft:tall_grass":1,"minecraft:stone":305,"minecraft:oak_planks":1,"minecraft:oak_leaves":59,"minecraft:wall_torch":4},"minecraft:crafted":{"minecraft:wooden_sword":3,"minecraft:oak_door":3,"minecraft:oak_planks":102,"minecraft:crafting_table":1,"quark:vertical_birch_planks":2,"minecraft:stick":120,"quark:oak_chest":4,"minecraft:wooden_pickaxe":8,"minecraft:stone_pickaxe":2,"minecraft:stone_sword":1,"quark:birch_ladder":34,"minecraft:birch_planks":112,"tetra:modular_double":1},"minecraft:broken":{"minecraft:wooden_pickaxe":8},"minecraft:used":{"minecraft:birch_planks":119,"minecraft:bread":6,"minecraft:stone_pickaxe":43,"minecraft:wooden_pickaxe":512,"minecraft:oak_door":3,"minecraft:torch":2,"minecraft:dirt":44,"minecraft:cobblestone":60,"minecraft:crafting_table":1,"tetra:modular_double":1,"quark:oak_chest":1,"minecraft:yellow_bed":2},"minecraft:picked_up":{"minecraft:birch_log":31,"minecraft:stick":2,"minecraft:oak_door":2,"iceandfire:copper_ore":4,"minecraft:gold_block":2,"minecraft:dandelion":1,"minecraft:torch":6,"minecraft:wooden_pickaxe":1,"iceandfire:silver_ore":8,"minecraft:birch_planks":39,"minecraft:oak_log":35,"minecraft:yellow_bed":2,"minecraft:dirt":47,"minecraft:cooked_salmon":3,"minecraft:apple":2,"minecraft:gold_nugget":18,"minecraft:wheat_seeds":3,"minecraft:gold_ingot":1,"minecraft:golden_apple":1,"minecraft:bread":14,"minecraft:oak_sapling":9,"minecraft:oak_planks":1,"iceandfire:silver_nugget":10,"minecraft:coal":84,"minecraft:cobblestone":339},"minecraft:dropped":{"minecraft:cobblestone":148,"iceandfire:silver_ore":8},"minecraft:custom":{"minecraft:time_since_rest":29327,"minecraft:sprint_one_cm":21424,"minecraft:damage_taken":370,"minecraft:walk_one_cm":171263,"minecraft:drop":149,"minecraft:swim_one_cm":2107,"minecraft:interact_with_crafting_table":3,"minecraft:fly_one_cm":7632,"minecraft:open_chest":2,"minecraft:play_one_minute":84116,"minecraft:walk_under_water_one_cm":320,"minecraft:jump":316,"minecraft:leave_game":3,"minecraft:time_since_death":84116,"minecraft:walk_on_water_one_cm":4070,"minecraft:sleep_in_bed":2,"minecraft:fall_one_cm":3678}},"DataVersion":2586}