{"stats":{"minecraft:used":{"minecraft:cooked_mutton":1,"minecraft:stone_pickaxe":168,"minecraft:birch_planks":119,"minecraft:baked_potato":9,"minecraft:wooden_pickaxe":662,"minecraft:brown_mushroom":1,"minecraft:oak_door":3,"minecraft:torch":8,"minecraft:dirt":44,"minecraft:crafting_table":1,"minecraft:carrot":2,"tetra:modular_double":1,"minecraft:bread":6,"minecraft:iron_pickaxe":184,"minecraft:wooden_sword":127,"minecraft:cobblestone":70,"minecraft:sweet_berries":6,"minecraft:furnace":3,"quark:oak_chest":2,"minecraft:yellow_bed":2},"minecraft:broken":{"minecraft:wooden_sword":1,"minecraft:wooden_pickaxe":11},"minecraft:dropped":{"minecraft:baked_potato":2,"minecraft:oak_fence":2,"minecraft:cobblestone":148,"minecraft:rotten_flesh":2,"iceandfire:silver_ore":8,"minecraft:iron_ore":62},"minecraft:custom":{"minecraft:interact_with_furnace":21,"minecraft:mob_kills":13,"minecraft:interact_with_crafting_table":9,"minecraft:play_one_minute":198307,"minecraft:leave_game":7,"minecraft:time_since_death":97613,"minecraft:sleep_in_bed":7,"minecraft:time_since_rest":12361,"minecraft:sprint_one_cm":140383,"minecraft:damage_taken":1591,"minecraft:walk_one_cm":493008,"minecraft:drop":156,"minecraft:damage_dealt":1311,"minecraft:swim_one_cm":3057,"minecraft:fly_one_cm":31148,"minecraft:open_chest":34,"minecraft:crouch_one_cm":36,"minecraft:deaths":3,"minecraft:sneak_time":31,"minecraft:walk_under_water_one_cm":2568,"minecraft:jump":1035,"minecraft:walk_on_water_one_cm":12925,"minecraft:fall_one_cm":16077},"minecraft:picked_up":{"minecraft:birch_log":37,"minecraft:crafting_table":1,"minecraft:feather":1,"minecraft:chicken":3,"minecraft:clay_ball":14,"iceandfire:copper_ore":12,"minecraft:water_bucket":2,"minecraft:brown_wool":2,"minecraft:brown_mushroom":1,"minecraft:wooden_pickaxe":1,"minecraft:birch_planks":39,"minecraft:gold_block":2,"minecraft:oak_log":62,"minecraft:lily_pad":8,"minecraft:yellow_bed":2,"minecraft:string":1,"minecraft:cornflower":1,"minecraft:dirt":51,"minecraft:cooked_salmon":3,"minecraft:oak_sign":1,"create:copper_ore":42,"minecraft:apple":2,"minecraft:wheat_seeds":8,"minecraft:gold_nugget":18,"quark:tallow":2,"minecraft:iron_ore":138,"minecraft:rose_bush":1,"create:zinc_ore":2,"quark:root_item":1,"minecraft:oak_planks":7,"minecraft:egg":1,"minecraft:stick":2,"minecraft:oak_door":2,"minecraft:sweet_berries":34,"minecraft:oak_fence":2,"minecraft:torch":18,"minecraft:dandelion":1,"iceandfire:silver_ore":8,"minecraft:gravel":2,"minecraft:porkchop":1,"sophisticatedbackpacks:iron_backpack":1,"minecraft:gold_ore":8,"minecraft:rotten_flesh":2,"iceandfire:silver_sword":1,"minecraft:golden_apple":1,"minecraft:gray_wool":1,"minecraft:gold_ingot":1,"minecraft:bread":14,"minecraft:baked_potato":11,"minecraft:oak_sapling":11,"minecraft:mutton":7,"iceandfire:silver_nugget":10,"minecraft:rail":7,"minecraft:coal":147,"quark:marble":8,"minecraft:white_wool":2,"minecraft:cobblestone":527},"minecraft:crafted":{"minecraft:wooden_sword":4,"minecraft:oak_door":3,"minecraft:oak_planks":184,"iceandfire:copper_ingot":3,"minecraft:cooked_porkchop":1,"minecraft:crafting_table":1,"quark:vertical_birch_planks":2,"minecraft:wooden_pickaxe":14,"minecraft:cooked_chicken":3,"minecraft:furnace":3,"quark:birch_ladder":34,"minecraft:birch_planks":134,"minecraft:cooked_mutton":7,"minecraft:stick":224,"quark:oak_chest":5,"minecraft:stone_pickaxe":9,"minecraft:stone_sword":2,"minecraft:gold_ingot":8,"tetra:modular_double":1},"minecraft:mined":{"create:zinc_ore":2,"minecraft:brown_mushroom":1,"minecraft:oak_door":2,"minecraft:dandelion":1,"minecraft:crafting_table":1,"minecraft:oak_fence":2,"minecraft:cornflower":1,"minecraft:torch":2,"minecraft:grass_block":36,"quark:stone_speleothem":1,"minecraft:rose_bush":1,"minecraft:tall_grass":6,"minecraft:cobblestone":15,"minecraft:oak_planks":7,"minecraft:wall_torch":7,"minecraft:birch_planks":25,"iceandfire:copper_ore":12,"minecraft:birch_log":37,"minecraft:iron_ore":42,"quark:marble":8,"minecraft:sweet_berry_bush":14,"minecraft:birch_leaves":15,"create:copper_ore":47,"minecraft:yellow_bed":2,"minecraft:grass":71,"minecraft:oak_log":60,"minecraft:coal_ore":143,"minecraft:oak_sign":1,"minecraft:gravel":3,"minecraft:dirt":14,"minecraft:stone":480,"minecraft:gold_ore":8,"minecraft:oak_leaves":76},"minecraft:killed":{"minecraft:pig":1,"alexsmobs:raccoon":1,"minecraft:sheep":5,"minecraft:zombie":3,"minecraft:chicken":3},"minecraft:killed_by":{"minecraft:player":1}},"DataVersion":2586}