{"stats":{"minecraft:mined":{"create:zinc_ore":2,"minecraft:diamond_ore":9,"minecraft:white_bed":4,"iceandfire:silver_ore":11,"minecraft:oak_door":2,"tetra:block_geode":5,"quark:cobbled_deepslate":2,"minecraft:grass_block":50,"sophisticatedbackpacks:iron_backpack":1,"minecraft:spruce_leaves":2,"minecraft:redstone_ore":28,"minecraft:carrots":20,"iceandfire:copper_ore":19,"minecraft:iron_ore":159,"minecraft:andesite":304,"create:copper_ore":48,"quark:smooth_basalt":10,"minecraft:potatoes":2,"minecraft:oak_sign":1,"minecraft:stone":868,"minecraft:brown_mushroom":1,"minecraft:dandelion":1,"minecraft:oak_fence":7,"minecraft:clay":6,"minecraft:crafting_table":2,"minecraft:cornflower":1,"minecraft:torch":5,"quark:stone_speleothem":1,"minecraft:rose_bush":1,"minecraft:tall_grass":6,"minecraft:cobblestone":16,"minecraft:lapis_ore":3,"minecraft:oak_planks":7,"minecraft:wall_torch":7,"minecraft:birch_planks":25,"minecraft:birch_log":47,"quark:marble":8,"minecraft:wheat":1,"minecraft:sweet_berry_bush":14,"minecraft:birch_leaves":28,"minecraft:yellow_bed":2,"quark:deepslate":276,"minecraft:grass":78,"minecraft:oak_log":101,"minecraft:coal_ore":360,"minecraft:gravel":45,"minecraft:dirt":40,"minecraft:gold_ore":12,"minecraft:oak_leaves":154,"quark:root":2},"minecraft:killed":{"alexsmobs:raccoon":1,"minecraft:spider":1,"minecraft:chicken":6,"minecraft:pig":1,"minecraft:sheep":5,"minecraft:zombie":12},"minecraft:broken":{"minecraft:wooden_pickaxe":14,"minecraft:stone_pickaxe":4,"minecraft:wooden_sword":1,"minecraft:iron_pickaxe":4},"minecraft:killed_by":{"minecraft:player":2,"minecraft:creeper":2,"minecraft:skeleton":4,"minecraft:zombie":2,"minecraft:witch":1,"iceandfire:troll":1},"minecraft:used":{"minecraft:stone_sword":93,"iceandfire:silver_sword":57,"minecraft:rotten_flesh":6,"minecraft:oak_door":3,"minecraft:torch":22,"minecraft:dirt":45,"minecraft:carrot":21,"farmersdelight:cooked_salmon_slice":5,"minecraft:sweet_berries":71,"minecraft:furnace":3,"minecraft:cooked_mutton":1,"minecraft:birch_planks":119,"minecraft:stone_pickaxe":680,"minecraft:baked_potato":11,"minecraft:wooden_pickaxe":815,"minecraft:brown_mushroom":1,"minecraft:golden_apple":1,"farmersdelight:onion":4,"minecraft:crafting_table":4,"tetra:modular_double":1,"minecraft:white_bed":3,"minecraft:apple":5,"minecraft:bread":6,"minecraft:iron_pickaxe":1025,"minecraft:stone_axe":133,"minecraft:cobblestone":103,"minecraft:wooden_sword":127,"minecraft:yellow_bed":2,"quark:oak_chest":2},"minecraft:picked_up":{"minecraft:fishing_rod":1,"minecraft:wheat":1,"minecraft:crafting_table":3,"minecraft:chicken":6,"minecraft:clay_ball":114,"iceandfire:copper_ore":18,"minecraft:golden_pickaxe":1,"minecraft:brown_mushroom":9,"minecraft:wooden_pickaxe":4,"mca:book_rose_gold":2,"minecraft:gold_block":2,"minecraft:shield":1,"minecraft:cornflower":1,"minecraft:string":81,"minecraft:cooked_salmon":3,"minecraft:oak_sign":1,"minecraft:gold_nugget":18,"minecraft:spruce_planks":48,"minecraft:rose_bush":1,"create:zinc_ore":2,"quark:root_item":10,"minecraft:poppy":1,"minecraft:iron_pickaxe":20,"minecraft:iron_boots":2,"minecraft:egg":6,"minecraft:stick":67,"minecraft:oak_door":2,"minecraft:oak_fence":7,"minecraft:torch":387,"iceandfire:silver_ore":23,"minecraft:porkchop":1,"minecraft:carrot":51,"minecraft:redstone":452,"minecraft:tnt":1,"minecraft:stone_sword":7,"minecraft:arrow":28,"minecraft:rotten_flesh":104,"quark:smooth_basalt":20,"minecraft:gold_ingot":1,"minecraft:mutton":7,"minecraft:rail":7,"quark:marble":8,"minecraft:white_wool":2,"minecraft:cobblestone":1492,"minecraft:birch_log":44,"minecraft:feather":4,"minecraft:water_bucket":5,"minecraft:andesite":553,"minecraft:brown_wool":2,"minecraft:potato":7,"minecraft:filled_map":1,"minecraft:birch_planks":39,"minecraft:flint":8,"minecraft:oak_log":103,"minecraft:lily_pad":8,"minecraft:yellow_bed":2,"minecraft:gunpowder":1,"minecraft:lapis_lazuli":183,"mca:book_romance":1,"minecraft:dirt":96,"minecraft:cooked_mutton":6,"minecraft:bone":45,"create:copper_ore":43,"minecraft:apple":5,"quark:music_disc_crickets":1,"minecraft:wheat_seeds":12,"minecraft:stone_pickaxe":14,"minecraft:iron_ingot":53,"quark:tallow":2,"minecraft:iron_ore":279,"minecraft:iron_sword":3,"minecraft:oak_planks":7,"minecraft:cooked_porkchop":1,"minecraft:sweet_berries":61,"minecraft:dandelion":2,"minecraft:gravel":175,"sophisticatedbackpacks:iron_backpack":9,"minecraft:white_bed":4,"minecraft:gold_ore":41,"minecraft:spider_eye":2,"quark:cobbled_deepslate":604,"tetra:geode":14,"minecraft:diamond":20,"iceandfire:silver_sword":6,"minecraft:golden_apple":1,"minecraft:gray_wool":1,"minecraft:bread":14,"minecraft:baked_potato":25,"minecraft:oak_sapling":13,"iceandfire:silver_nugget":10,"minecraft:coal":853},"minecraft:dropped":{"minecraft:wheat_seeds":1,"minecraft:baked_potato":2,"minecraft:diamond":10,"minecraft:oak_fence":2,"minecraft:cobblestone":148,"minecraft:apple":5,"minecraft:dirt":2,"minecraft:string":1,"minecraft:rotten_flesh":2,"iceandfire:silver_ore":17,"minecraft:andesite":215,"minecraft:iron_ore":77,"minecraft:stone_pickaxe":1},"minecraft:custom":{"minecraft:mob_kills":30,"minecraft:interact_with_crafting_table":16,"minecraft:open_barrel":3,"minecraft:leave_game":11,"minecraft:time_since_death":63987,"minecraft:sprint_one_cm":664882,"minecraft:walk_one_cm":1133088,"minecraft:drop":415,"minecraft:deaths":14,"minecraft:sneak_time":339,"minecraft:walk_under_water_one_cm":5886,"minecraft:jump":2627,"minecraft:walk_on_water_one_cm":37622,"minecraft:interact_with_furnace":47,"minecraft:play_one_minute":423659,"minecraft:sleep_in_bed":13,"minecraft:time_since_rest":1278,"minecraft:damage_taken":5627,"minecraft:damage_dealt":4483,"minecraft:swim_one_cm":8885,"minecraft:fly_one_cm":99740,"minecraft:open_chest":54,"minecraft:crouch_one_cm":1633,"minecraft:fall_one_cm":29521,"minecraft:horse_one_cm":2680},"minecraft:crafted":{"minecraft:wooden_sword":4,"minecraft:oak_door":3,"minecraft:oak_planks":238,"quark:vertical_birch_planks":2,"minecraft:cooked_chicken":3,"minecraft:furnace":3,"quark:birch_ladder":34,"minecraft:cooked_mutton":7,"minecraft:stone_pickaxe":20,"minecraft:stone_hoe":1,"tetra:modular_double":1,"iceandfire:copper_ingot":3,"minecraft:cooked_porkchop":1,"minecraft:crafting_table":2,"minecraft:wooden_pickaxe":14,"minecraft:iron_sword":1,"minecraft:birch_planks":156,"minecraft:stone_axe":1,"minecraft:stick":274,"quark:oak_chest":5,"minecraft:iron_ingot":91,"minecraft:iron_pickaxe":4,"minecraft:stone_sword":3,"minecraft:gold_ingot":8}},"DataVersion":2586}