{"stats":{"minecraft:mined":{"minecraft:birch_planks":25,"minecraft:oak_door":1,"minecraft:birch_log":31,"minecraft:birch_leaves":14,"minecraft:dandelion":1,"minecraft:yellow_bed":2,"minecraft:torch":1,"minecraft:grass":9,"minecraft:coal_ore":28,"minecraft:grass_block":32,"minecraft:oak_log":35,"minecraft:dirt":11,"minecraft:cobblestone":4,"minecraft:tall_grass":1,"minecraft:stone":140,"minecraft:oak_leaves":59,"minecraft:wall_torch":4},"minecraft:crafted":{"minecraft:wooden_sword":3,"minecraft:oak_planks":34,"minecraft:crafting_table":1,"quark:vertical_birch_planks":2,"minecraft:stick":36,"quark:oak_chest":4,"minecraft:wooden_pickaxe":6,"minecraft:birch_planks":94},"minecraft:broken":{"minecraft:wooden_pickaxe":5},"minecraft:used":{"minecraft:birch_planks":115,"minecraft:bread":6,"minecraft:wooden_pickaxe":326,"minecraft:oak_door":1,"minecraft:torch":1,"minecraft:dirt":41,"minecraft:cobblestone":60,"minecraft:crafting_table":1,"minecraft:yellow_bed":2},"minecraft:picked_up":{"minecraft:birch_log":31,"minecraft:stick":2,"minecraft:oak_door":1,"minecraft:dandelion":1,"minecraft:torch":6,"minecraft:wooden_pickaxe":1,"iceandfire:silver_ore":8,"minecraft:birch_planks":39,"minecraft:oak_log":35,"minecraft:yellow_bed":2,"minecraft:dirt":44,"minecraft:apple":2,"minecraft:wheat_seeds":2,"minecraft:golden_apple":1,"minecraft:bread":10,"minecraft:oak_sapling":9,"minecraft:coal":28,"minecraft:cobblestone":147},"minecraft:dropped":{"minecraft:cobblestone":84,"iceandfire:silver_ore":8},"minecraft:custom":{"minecraft:time_since_rest":8560,"minecraft:sprint_one_cm":20936,"minecraft:damage_taken":360,"minecraft:walk_one_cm":152894,"minecraft:drop":85,"minecraft:swim_one_cm":2107,"minecraft:interact_with_crafting_table":2,"minecraft:fly_one_cm":7387,"minecraft:open_chest":1,"minecraft:play_one_minute":63349,"minecraft:walk_under_water_one_cm":145,"minecraft:jump":267,"minecraft:leave_game":2,"minecraft:time_since_death":63349,"minecraft:walk_on_water_one_cm":3523,"minecraft:sleep_in_bed":2,"minecraft:fall_one_cm":3411}},"DataVersion":2586}