{"stats":{"minecraft:used":{"minecraft:birch_planks":119,"minecraft:stone_pickaxe":136,"minecraft:baked_potato":2,"minecraft:wooden_pickaxe":646,"minecraft:brown_mushroom":1,"minecraft:oak_door":3,"minecraft:torch":4,"minecraft:dirt":44,"minecraft:crafting_table":1,"tetra:modular_double":1,"minecraft:bread":6,"minecraft:iron_pickaxe":174,"minecraft:cobblestone":65,"minecraft:yellow_bed":2,"quark:oak_chest":1},"minecraft:broken":{"minecraft:wooden_pickaxe":11},"minecraft:dropped":{"minecraft:baked_potato":2,"minecraft:oak_fence":2,"minecraft:cobblestone":148,"minecraft:rotten_flesh":2,"iceandfire:silver_ore":8},"minecraft:custom":{"minecraft:mob_kills":3,"minecraft:interact_with_crafting_table":4,"minecraft:play_one_minute":136772,"minecraft:leave_game":3,"minecraft:time_since_death":36078,"minecraft:sleep_in_bed":3,"minecraft:time_since_rest":36114,"minecraft:sprint_one_cm":25541,"minecraft:damage_taken":1311,"minecraft:walk_one_cm":321688,"minecraft:drop":154,"minecraft:damage_dealt":616,"minecraft:swim_one_cm":2107,"minecraft:fly_one_cm":9053,"minecraft:open_chest":8,"minecraft:crouch_one_cm":36,"minecraft:deaths":3,"minecraft:sneak_time":31,"minecraft:walk_under_water_one_cm":2450,"minecraft:jump":565,"minecraft:walk_on_water_one_cm":8219,"minecraft:fall_one_cm":10323},"minecraft:picked_up":{"minecraft:birch_log":37,"iceandfire:copper_ore":9,"minecraft:water_bucket":2,"minecraft:brown_mushroom":1,"minecraft:wooden_pickaxe":1,"minecraft:birch_planks":39,"minecraft:gold_block":2,"minecraft:oak_log":62,"minecraft:lily_pad":8,"minecraft:yellow_bed":2,"minecraft:dirt":48,"minecraft:cooked_salmon":3,"create:copper_ore":42,"minecraft:apple":2,"minecraft:wheat_seeds":3,"minecraft:gold_nugget":18,"minecraft:iron_ore":69,"create:zinc_ore":2,"minecraft:oak_planks":7,"minecraft:stick":2,"minecraft:oak_door":2,"minecraft:oak_fence":2,"minecraft:torch":11,"minecraft:dandelion":1,"minecraft:gravel":2,"iceandfire:silver_ore":8,"minecraft:gold_ore":8,"minecraft:rotten_flesh":2,"minecraft:bread":14,"minecraft:golden_apple":1,"minecraft:gold_ingot":1,"minecraft:baked_potato":4,"minecraft:oak_sapling":11,"iceandfire:silver_nugget":10,"minecraft:coal":111,"quark:marble":8,"minecraft:rail":7,"minecraft:cobblestone":505},"minecraft:crafted":{"minecraft:wooden_sword":4,"minecraft:oak_door":3,"minecraft:oak_planks":184,"minecraft:crafting_table":1,"quark:vertical_birch_planks":2,"minecraft:wooden_pickaxe":14,"quark:birch_ladder":34,"minecraft:birch_planks":134,"minecraft:stick":178,"quark:oak_chest":4,"minecraft:stone_pickaxe":2,"minecraft:stone_sword":1,"tetra:modular_double":1},"minecraft:mined":{"create:zinc_ore":2,"minecraft:brown_mushroom":1,"minecraft:oak_door":2,"minecraft:dandelion":1,"minecraft:oak_fence":2,"minecraft:torch":2,"minecraft:grass_block":33,"quark:stone_speleothem":1,"minecraft:cobblestone":8,"minecraft:tall_grass":1,"minecraft:oak_planks":7,"minecraft:wall_torch":7,"minecraft:birch_planks":25,"iceandfire:copper_ore":9,"minecraft:birch_log":37,"minecraft:iron_ore":36,"quark:marble":8,"minecraft:birch_leaves":15,"create:copper_ore":47,"minecraft:yellow_bed":2,"minecraft:grass":9,"minecraft:oak_log":60,"minecraft:coal_ore":111,"minecraft:gravel":3,"minecraft:dirt":14,"minecraft:stone":471,"minecraft:gold_ore":8,"minecraft:oak_leaves":74},"minecraft:killed":{"minecraft:zombie":3},"minecraft:killed_by":{"minecraft:player":1}},"DataVersion":2586}