{"stats":{"minecraft:used":{"minecraft:stone_pickaxe":136,"minecraft:birch_planks":119,"minecraft:bread":6,"minecraft:wooden_pickaxe":536,"minecraft:oak_door":3,"minecraft:torch":2,"minecraft:dirt":44,"minecraft:cobblestone":60,"minecraft:crafting_table":1,"quark:oak_chest":1,"tetra:modular_double":1,"minecraft:yellow_bed":2},"minecraft:broken":{"minecraft:wooden_pickaxe":9},"minecraft:dropped":{"minecraft:cobblestone":148,"iceandfire:silver_ore":8},"minecraft:picked_up":{"minecraft:birch_log":31,"minecraft:stick":2,"minecraft:water_bucket":1,"minecraft:oak_door":2,"iceandfire:copper_ore":4,"minecraft:torch":6,"minecraft:wooden_pickaxe":1,"minecraft:dandelion":1,"iceandfire:silver_ore":8,"minecraft:birch_planks":39,"minecraft:gold_block":2,"minecraft:oak_log":40,"minecraft:yellow_bed":2,"minecraft:dirt":48,"minecraft:cooked_salmon":3,"minecraft:apple":2,"minecraft:wheat_seeds":3,"minecraft:gold_nugget":18,"minecraft:iron_ore":8,"minecraft:golden_apple":1,"minecraft:gold_ingot":1,"minecraft:bread":14,"minecraft:oak_sapling":9,"minecraft:oak_planks":2,"iceandfire:silver_nugget":10,"minecraft:coal":96,"minecraft:cobblestone":433},"minecraft:custom":{"minecraft:time_since_rest":114,"minecraft:sprint_one_cm":21424,"minecraft:damage_taken":1060,"minecraft:walk_one_cm":213440,"minecraft:drop":149,"minecraft:swim_one_cm":2107,"minecraft:interact_with_crafting_table":3,"minecraft:fly_one_cm":8375,"minecraft:open_chest":5,"minecraft:crouch_one_cm":17,"minecraft:play_one_minute":100772,"minecraft:deaths":3,"minecraft:sneak_time":26,"minecraft:walk_under_water_one_cm":2450,"minecraft:jump":393,"minecraft:leave_game":3,"minecraft:time_since_death":78,"minecraft:walk_on_water_one_cm":5927,"minecraft:sleep_in_bed":3,"minecraft:fall_one_cm":7857},"minecraft:crafted":{"minecraft:wooden_sword":3,"minecraft:oak_door":3,"minecraft:oak_planks":102,"minecraft:crafting_table":1,"quark:vertical_birch_planks":2,"minecraft:stick":120,"quark:oak_chest":4,"minecraft:wooden_pickaxe":8,"minecraft:stone_pickaxe":2,"minecraft:stone_sword":1,"quark:birch_ladder":34,"minecraft:birch_planks":112,"tetra:modular_double":1},"minecraft:mined":{"minecraft:birch_planks":25,"minecraft:iron_ore":8,"iceandfire:copper_ore":4,"minecraft:oak_door":2,"minecraft:birch_log":31,"minecraft:birch_leaves":14,"minecraft:dandelion":1,"minecraft:yellow_bed":2,"minecraft:torch":1,"minecraft:grass":9,"minecraft:grass_block":33,"minecraft:coal_ore":96,"minecraft:oak_log":40,"minecraft:dirt":14,"minecraft:tall_grass":1,"minecraft:cobblestone":4,"minecraft:stone":401,"minecraft:oak_planks":2,"minecraft:oak_leaves":63,"minecraft:wall_torch":4},"minecraft:killed_by":{"minecraft:player":1}},"DataVersion":2586}