{"stats":{"minecraft:used":{"iceandfire:silver_sword":47,"minecraft:oak_door":3,"minecraft:torch":16,"minecraft:dirt":44,"minecraft:carrot":2,"minecraft:sweet_berries":71,"minecraft:furnace":3,"minecraft:cooked_mutton":1,"minecraft:birch_planks":119,"minecraft:stone_pickaxe":541,"minecraft:baked_potato":9,"minecraft:wooden_pickaxe":815,"minecraft:brown_mushroom":1,"minecraft:crafting_table":2,"tetra:modular_double":1,"minecraft:white_bed":2,"minecraft:bread":6,"minecraft:iron_pickaxe":743,"minecraft:wooden_sword":127,"minecraft:cobblestone":80,"minecraft:yellow_bed":2,"quark:oak_chest":2},"minecraft:broken":{"minecraft:wooden_pickaxe":14,"minecraft:stone_pickaxe":3,"minecraft:wooden_sword":1,"minecraft:iron_pickaxe":3},"minecraft:dropped":{"minecraft:wheat_seeds":1,"minecraft:baked_potato":2,"minecraft:oak_fence":2,"minecraft:cobblestone":148,"minecraft:dirt":1,"minecraft:string":1,"minecraft:rotten_flesh":2,"iceandfire:silver_ore":17,"minecraft:andesite":177,"minecraft:iron_ore":77,"minecraft:stone_pickaxe":1},"minecraft:custom":{"minecraft:mob_kills":18,"minecraft:interact_with_crafting_table":10,"minecraft:open_barrel":3,"minecraft:leave_game":7,"minecraft:time_since_death":5910,"minecraft:sprint_one_cm":196143,"minecraft:walk_one_cm":718091,"minecraft:drop":361,"minecraft:deaths":5,"minecraft:sneak_time":69,"minecraft:walk_under_water_one_cm":5571,"minecraft:jump":1607,"minecraft:walk_on_water_one_cm":32274,"minecraft:interact_with_furnace":26,"minecraft:play_one_minute":294307,"minecraft:sleep_in_bed":9,"minecraft:time_since_rest":6079,"minecraft:damage_taken":2630,"minecraft:damage_dealt":2755,"minecraft:swim_one_cm":6417,"minecraft:fly_one_cm":46018,"minecraft:open_chest":34,"minecraft:crouch_one_cm":188,"minecraft:fall_one_cm":20983},"minecraft:picked_up":{"minecraft:crafting_table":2,"minecraft:chicken":3,"iceandfire:copper_ore":13,"minecraft:clay_ball":46,"minecraft:brown_mushroom":1,"minecraft:wooden_pickaxe":4,"minecraft:gold_block":2,"minecraft:shield":1,"minecraft:cornflower":1,"minecraft:string":3,"minecraft:cooked_salmon":3,"minecraft:oak_sign":1,"minecraft:gold_nugget":18,"create:zinc_ore":2,"minecraft:rose_bush":1,"quark:root_item":2,"minecraft:iron_pickaxe":5,"minecraft:egg":1,"minecraft:stick":35,"minecraft:oak_door":2,"minecraft:oak_fence":2,"minecraft:torch":33,"iceandfire:silver_ore":23,"minecraft:porkchop":1,"minecraft:redstone":157,"minecraft:stone_sword":1,"minecraft:arrow":5,"minecraft:rotten_flesh":13,"quark:smooth_basalt":12,"minecraft:gold_ingot":1,"minecraft:mutton":7,"minecraft:white_wool":2,"quark:marble":8,"minecraft:rail":7,"minecraft:cobblestone":993,"minecraft:birch_log":37,"minecraft:feather":1,"minecraft:water_bucket":4,"minecraft:andesite":204,"minecraft:brown_wool":2,"minecraft:birch_planks":39,"minecraft:flint":4,"minecraft:oak_log":62,"minecraft:lily_pad":8,"minecraft:yellow_bed":2,"minecraft:lapis_lazuli":18,"minecraft:dirt":90,"minecraft:cooked_mutton":6,"minecraft:bone":3,"create:copper_ore":42,"minecraft:apple":2,"minecraft:wheat_seeds":9,"quark:tallow":2,"minecraft:stone_pickaxe":4,"minecraft:iron_ore":196,"minecraft:oak_planks":7,"minecraft:cooked_porkchop":1,"minecraft:sweet_berries":61,"minecraft:dandelion":2,"minecraft:gravel":111,"sophisticatedbackpacks:iron_backpack":2,"minecraft:white_bed":3,"minecraft:gold_ore":10,"quark:cobbled_deepslate":281,"tetra:geode":6,"minecraft:diamond":10,"iceandfire:silver_sword":2,"minecraft:gray_wool":1,"minecraft:golden_apple":1,"minecraft:bread":14,"minecraft:baked_potato":11,"minecraft:oak_sapling":11,"iceandfire:silver_nugget":10,"minecraft:coal":388},"minecraft:crafted":{"minecraft:wooden_sword":4,"minecraft:oak_door":3,"minecraft:oak_planks":184,"quark:vertical_birch_planks":2,"minecraft:cooked_chicken":3,"minecraft:furnace":3,"quark:birch_ladder":34,"minecraft:cooked_mutton":7,"minecraft:stone_pickaxe":9,"tetra:modular_double":1,"iceandfire:copper_ingot":3,"minecraft:cooked_porkchop":1,"minecraft:crafting_table":1,"minecraft:wooden_pickaxe":14,"minecraft:birch_planks":134,"minecraft:stick":224,"quark:oak_chest":5,"minecraft:stone_sword":2,"minecraft:gold_ingot":8},"minecraft:mined":{"create:zinc_ore":2,"minecraft:diamond_ore":9,"minecraft:white_bed":3,"iceandfire:silver_ore":11,"minecraft:oak_door":2,"tetra:block_geode":5,"quark:cobbled_deepslate":2,"minecraft:grass_block":48,"minecraft:redstone_ore":28,"iceandfire:copper_ore":14,"minecraft:iron_ore":106,"minecraft:andesite":220,"create:copper_ore":47,"quark:smooth_basalt":10,"minecraft:oak_sign":1,"minecraft:stone":747,"minecraft:brown_mushroom":1,"minecraft:dandelion":1,"minecraft:clay":6,"minecraft:oak_fence":2,"minecraft:crafting_table":1,"minecraft:cornflower":1,"minecraft:torch":3,"quark:stone_speleothem":1,"minecraft:rose_bush":1,"minecraft:cobblestone":16,"minecraft:tall_grass":6,"minecraft:lapis_ore":3,"minecraft:oak_planks":7,"minecraft:wall_torch":7,"minecraft:birch_planks":25,"minecraft:birch_log":37,"minecraft:sweet_berry_bush":14,"quark:marble":8,"minecraft:birch_leaves":15,"minecraft:yellow_bed":2,"quark:deepslate":276,"minecraft:grass":71,"minecraft:coal_ore":257,"minecraft:oak_log":60,"minecraft:gravel":45,"minecraft:dirt":35,"minecraft:gold_ore":11,"minecraft:oak_leaves":84},"minecraft:killed":{"alexsmobs:raccoon":1,"minecraft:spider":1,"minecraft:chicken":3,"minecraft:pig":1,"minecraft:sheep":5,"minecraft:zombie":4},"minecraft:killed_by":{"minecraft:player":1,"minecraft:creeper":1,"minecraft:witch":1}},"DataVersion":2586}