{"stats":{"minecraft:mined":{"minecraft:grass":2,"minecraft:grass_block":6,"minecraft:oak_log":9,"minecraft:birch_log":26,"minecraft:tall_grass":1,"minecraft:birch_leaves":4,"minecraft:oak_leaves":8,"minecraft:yellow_bed":1,"minecraft:wall_torch":2},"minecraft:used":{"minecraft:yellow_bed":1},"minecraft:picked_up":{"minecraft:birch_log":26,"minecraft:wheat_seeds":1,"minecraft:torch":2,"minecraft:oak_log":9,"minecraft:yellow_bed":1,"minecraft:oak_sapling":2,"minecraft:dirt":6},"minecraft:custom":{"minecraft:time_since_rest":0,"minecraft:open_chest":1,"minecraft:play_one_minute":15349,"minecraft:sprint_one_cm":19036,"minecraft:damage_taken":180,"minecraft:walk_one_cm":45122,"minecraft:walk_under_water_one_cm":6,"minecraft:jump":111,"minecraft:leave_game":2,"minecraft:walk_on_water_one_cm":2607,"minecraft:time_since_death":15349,"minecraft:sleep_in_bed":1,"minecraft:swim_one_cm":2107,"minecraft:fall_one_cm":1977,"minecraft:fly_one_cm":7053}},"DataVersion":2586}