{"stats":{"minecraft:used":{"minecraft:cooked_mutton":1,"iceandfire:silver_sword":36,"minecraft:stone_pickaxe":387,"minecraft:birch_planks":119,"minecraft:baked_potato":9,"minecraft:wooden_pickaxe":672,"minecraft:brown_mushroom":1,"minecraft:oak_door":3,"minecraft:torch":9,"minecraft:dirt":44,"minecraft:crafting_table":2,"minecraft:carrot":2,"tetra:modular_double":1,"minecraft:white_bed":1,"minecraft:bread":6,"minecraft:iron_pickaxe":225,"minecraft:wooden_sword":127,"minecraft:cobblestone":80,"minecraft:sweet_berries":47,"minecraft:furnace":3,"quark:oak_chest":2,"minecraft:yellow_bed":2},"minecraft:broken":{"minecraft:stone_pickaxe":1,"minecraft:wooden_sword":1,"minecraft:iron_pickaxe":1,"minecraft:wooden_pickaxe":11},"minecraft:dropped":{"minecraft:baked_potato":2,"minecraft:oak_fence":2,"minecraft:cobblestone":148,"minecraft:rotten_flesh":2,"iceandfire:silver_ore":17,"minecraft:iron_ore":62,"minecraft:stone_pickaxe":1,"minecraft:string":1},"minecraft:custom":{"minecraft:interact_with_furnace":25,"minecraft:mob_kills":17,"minecraft:interact_with_crafting_table":10,"minecraft:open_barrel":1,"minecraft:play_one_minute":234307,"minecraft:leave_game":7,"minecraft:time_since_death":22438,"minecraft:sleep_in_bed":7,"minecraft:time_since_rest":22486,"minecraft:sprint_one_cm":152237,"minecraft:damage_taken":2160,"minecraft:walk_one_cm":590069,"minecraft:drop":167,"minecraft:damage_dealt":2435,"minecraft:swim_one_cm":4472,"minecraft:fly_one_cm":37997,"minecraft:open_chest":34,"minecraft:crouch_one_cm":36,"minecraft:deaths":4,"minecraft:sneak_time":31,"minecraft:walk_under_water_one_cm":5186,"minecraft:jump":1295,"minecraft:walk_on_water_one_cm":21863,"minecraft:fall_one_cm":19065},"minecraft:picked_up":{"minecraft:birch_log":37,"minecraft:crafting_table":1,"minecraft:feather":1,"minecraft:chicken":3,"minecraft:clay_ball":14,"iceandfire:copper_ore":13,"minecraft:water_bucket":3,"minecraft:brown_wool":2,"minecraft:brown_mushroom":1,"minecraft:wooden_pickaxe":4,"minecraft:birch_planks":39,"minecraft:gold_block":2,"minecraft:oak_log":62,"minecraft:lily_pad":8,"minecraft:yellow_bed":2,"minecraft:string":1,"minecraft:cornflower":1,"minecraft:dirt":63,"minecraft:cooked_salmon":3,"minecraft:cooked_mutton":6,"minecraft:oak_sign":1,"create:copper_ore":42,"minecraft:apple":2,"minecraft:wheat_seeds":8,"minecraft:gold_nugget":18,"minecraft:stone_pickaxe":4,"quark:tallow":2,"minecraft:iron_ore":146,"minecraft:rose_bush":1,"create:zinc_ore":2,"minecraft:iron_pickaxe":1,"quark:root_item":2,"minecraft:oak_planks":7,"minecraft:egg":1,"minecraft:stick":35,"minecraft:cooked_porkchop":1,"minecraft:oak_door":2,"minecraft:sweet_berries":61,"minecraft:oak_fence":2,"minecraft:torch":29,"minecraft:dandelion":2,"iceandfire:silver_ore":17,"minecraft:gravel":3,"minecraft:porkchop":1,"minecraft:white_bed":1,"sophisticatedbackpacks:iron_backpack":2,"minecraft:redstone":60,"minecraft:gold_ore":10,"quark:cobbled_deepslate":210,"minecraft:stone_sword":1,"minecraft:rotten_flesh":11,"minecraft:diamond":2,"quark:smooth_basalt":2,"iceandfire:silver_sword":2,"minecraft:golden_apple":1,"minecraft:gray_wool":1,"minecraft:gold_ingot":1,"minecraft:bread":14,"minecraft:baked_potato":11,"minecraft:oak_sapling":11,"minecraft:mutton":7,"iceandfire:silver_nugget":10,"minecraft:rail":7,"minecraft:coal":201,"quark:marble":8,"minecraft:white_wool":2,"minecraft:cobblestone":575},"minecraft:crafted":{"minecraft:wooden_sword":4,"minecraft:oak_door":3,"minecraft:oak_planks":184,"iceandfire:copper_ingot":3,"minecraft:cooked_porkchop":1,"minecraft:crafting_table":1,"quark:vertical_birch_planks":2,"minecraft:wooden_pickaxe":14,"minecraft:cooked_chicken":3,"minecraft:furnace":3,"quark:birch_ladder":34,"minecraft:birch_planks":134,"minecraft:cooked_mutton":7,"minecraft:stick":224,"quark:oak_chest":5,"minecraft:stone_pickaxe":9,"minecraft:stone_sword":2,"minecraft:gold_ingot":8,"tetra:modular_double":1},"minecraft:mined":{"create:zinc_ore":2,"minecraft:white_bed":1,"minecraft:diamond_ore":1,"minecraft:brown_mushroom":1,"iceandfire:silver_ore":5,"minecraft:oak_door":2,"minecraft:dandelion":1,"minecraft:crafting_table":1,"minecraft:oak_fence":2,"minecraft:cornflower":1,"minecraft:torch":2,"minecraft:grass_block":36,"quark:stone_speleothem":1,"minecraft:rose_bush":1,"minecraft:tall_grass":6,"minecraft:cobblestone":16,"minecraft:oak_planks":7,"minecraft:wall_torch":7,"minecraft:birch_planks":25,"minecraft:redstone_ore":13,"iceandfire:copper_ore":14,"minecraft:birch_log":37,"minecraft:iron_ore":53,"quark:marble":8,"minecraft:sweet_berry_bush":14,"minecraft:birch_leaves":15,"create:copper_ore":47,"quark:smooth_basalt":2,"minecraft:yellow_bed":2,"quark:deepslate":185,"minecraft:grass":71,"minecraft:oak_log":60,"minecraft:coal_ore":152,"minecraft:oak_sign":1,"minecraft:gravel":4,"minecraft:dirt":22,"minecraft:stone":504,"minecraft:gold_ore":11,"minecraft:oak_leaves":76},"minecraft:killed":{"minecraft:pig":1,"alexsmobs:raccoon":1,"minecraft:sheep":5,"minecraft:zombie":4,"minecraft:chicken":3},"minecraft:killed_by":{"minecraft:player":1,"minecraft:witch":1}},"DataVersion":2586}