{"stats":{"minecraft:used":{"iceandfire:silver_sword":36,"minecraft:oak_door":3,"minecraft:torch":10,"minecraft:dirt":44,"minecraft:carrot":2,"minecraft:sweet_berries":50,"minecraft:furnace":3,"minecraft:cooked_mutton":1,"minecraft:birch_planks":119,"minecraft:stone_pickaxe":492,"minecraft:baked_potato":9,"minecraft:wooden_pickaxe":815,"minecraft:brown_mushroom":1,"minecraft:crafting_table":2,"tetra:modular_double":1,"minecraft:white_bed":2,"minecraft:bread":6,"minecraft:iron_pickaxe":367,"minecraft:wooden_sword":127,"minecraft:cobblestone":80,"minecraft:yellow_bed":2,"quark:oak_chest":2},"minecraft:broken":{"minecraft:wooden_pickaxe":14,"minecraft:stone_pickaxe":2,"minecraft:wooden_sword":1,"minecraft:iron_pickaxe":1},"minecraft:dropped":{"minecraft:baked_potato":2,"minecraft:oak_fence":2,"minecraft:cobblestone":148,"minecraft:string":1,"minecraft:rotten_flesh":2,"iceandfire:silver_ore":17,"minecraft:andesite":177,"minecraft:iron_ore":77,"minecraft:stone_pickaxe":1},"minecraft:custom":{"minecraft:mob_kills":17,"minecraft:interact_with_crafting_table":10,"minecraft:open_barrel":3,"minecraft:leave_game":7,"minecraft:time_since_death":46438,"minecraft:sprint_one_cm":156725,"minecraft:walk_one_cm":617234,"minecraft:drop":359,"minecraft:deaths":4,"minecraft:sneak_time":31,"minecraft:walk_under_water_one_cm":5186,"minecraft:jump":1343,"minecraft:walk_on_water_one_cm":21863,"minecraft:interact_with_furnace":25,"minecraft:play_one_minute":258307,"minecraft:sleep_in_bed":7,"minecraft:time_since_rest":46486,"minecraft:damage_taken":2160,"minecraft:damage_dealt":2435,"minecraft:swim_one_cm":4472,"minecraft:fly_one_cm":38074,"minecraft:open_chest":34,"minecraft:crouch_one_cm":36,"minecraft:fall_one_cm":19334},"minecraft:picked_up":{"minecraft:crafting_table":1,"minecraft:chicken":3,"iceandfire:copper_ore":13,"minecraft:clay_ball":14,"minecraft:brown_mushroom":1,"minecraft:wooden_pickaxe":4,"minecraft:gold_block":2,"minecraft:cornflower":1,"minecraft:string":1,"minecraft:cooked_salmon":3,"minecraft:oak_sign":1,"minecraft:gold_nugget":18,"create:zinc_ore":2,"minecraft:rose_bush":1,"quark:root_item":2,"minecraft:iron_pickaxe":2,"minecraft:egg":1,"minecraft:stick":35,"minecraft:oak_door":2,"minecraft:oak_fence":2,"minecraft:torch":32,"iceandfire:silver_ore":23,"minecraft:porkchop":1,"minecraft:redstone":126,"minecraft:stone_sword":1,"minecraft:rotten_flesh":11,"quark:smooth_basalt":2,"minecraft:gold_ingot":1,"minecraft:mutton":7,"minecraft:white_wool":2,"quark:marble":8,"minecraft:rail":7,"minecraft:cobblestone":581,"minecraft:birch_log":37,"minecraft:feather":1,"minecraft:water_bucket":3,"minecraft:andesite":179,"minecraft:brown_wool":2,"minecraft:birch_planks":39,"minecraft:flint":2,"minecraft:oak_log":62,"minecraft:lily_pad":8,"minecraft:yellow_bed":2,"minecraft:lapis_lazuli":18,"minecraft:dirt":63,"minecraft:cooked_mutton":6,"create:copper_ore":42,"minecraft:apple":2,"minecraft:wheat_seeds":8,"quark:tallow":2,"minecraft:stone_pickaxe":4,"minecraft:iron_ore":164,"minecraft:oak_planks":7,"minecraft:cooked_porkchop":1,"minecraft:sweet_berries":61,"minecraft:dandelion":2,"minecraft:gravel":21,"sophisticatedbackpacks:iron_backpack":2,"minecraft:white_bed":2,"minecraft:gold_ore":10,"quark:cobbled_deepslate":274,"tetra:geode":3,"minecraft:diamond":10,"iceandfire:silver_sword":2,"minecraft:gray_wool":1,"minecraft:golden_apple":1,"minecraft:bread":14,"minecraft:baked_potato":11,"minecraft:oak_sapling":11,"iceandfire:silver_nugget":10,"minecraft:coal":239},"minecraft:crafted":{"minecraft:wooden_sword":4,"minecraft:oak_door":3,"minecraft:oak_planks":184,"quark:vertical_birch_planks":2,"minecraft:cooked_chicken":3,"minecraft:furnace":3,"quark:birch_ladder":34,"minecraft:cooked_mutton":7,"minecraft:stone_pickaxe":9,"tetra:modular_double":1,"iceandfire:copper_ingot":3,"minecraft:cooked_porkchop":1,"minecraft:crafting_table":1,"minecraft:wooden_pickaxe":14,"minecraft:birch_planks":134,"minecraft:stick":224,"quark:oak_chest":5,"minecraft:stone_sword":2,"minecraft:gold_ingot":8},"minecraft:mined":{"create:zinc_ore":2,"minecraft:diamond_ore":9,"minecraft:white_bed":2,"iceandfire:silver_ore":11,"minecraft:oak_door":2,"tetra:block_geode":3,"minecraft:grass_block":36,"minecraft:redstone_ore":28,"iceandfire:copper_ore":14,"minecraft:iron_ore":71,"minecraft:andesite":188,"create:copper_ore":47,"quark:smooth_basalt":2,"minecraft:oak_sign":1,"minecraft:stone":513,"minecraft:brown_mushroom":1,"minecraft:dandelion":1,"minecraft:oak_fence":2,"minecraft:crafting_table":1,"minecraft:cornflower":1,"minecraft:torch":3,"quark:stone_speleothem":1,"minecraft:rose_bush":1,"minecraft:cobblestone":16,"minecraft:tall_grass":6,"minecraft:lapis_ore":3,"minecraft:oak_planks":7,"minecraft:wall_torch":7,"minecraft:birch_planks":25,"minecraft:birch_log":37,"minecraft:sweet_berry_bush":14,"quark:marble":8,"minecraft:birch_leaves":15,"minecraft:yellow_bed":2,"quark:deepslate":273,"minecraft:grass":71,"minecraft:coal_ore":189,"minecraft:oak_log":60,"minecraft:gravel":17,"minecraft:dirt":22,"minecraft:gold_ore":11,"minecraft:oak_leaves":76},"minecraft:killed":{"alexsmobs:raccoon":1,"minecraft:chicken":3,"minecraft:pig":1,"minecraft:sheep":5,"minecraft:zombie":4},"minecraft:killed_by":{"minecraft:player":1,"minecraft:witch":1}},"DataVersion":2586}