{"stats":{"minecraft:used":{"minecraft:birch_planks":119,"minecraft:stone_pickaxe":136,"minecraft:wooden_pickaxe":581,"minecraft:oak_door":3,"minecraft:torch":2,"minecraft:dirt":44,"minecraft:crafting_table":1,"tetra:modular_double":1,"minecraft:bread":6,"minecraft:cobblestone":60,"minecraft:yellow_bed":2,"quark:oak_chest":1},"minecraft:broken":{"minecraft:wooden_pickaxe":10},"minecraft:dropped":{"minecraft:cobblestone":148,"iceandfire:silver_ore":8},"minecraft:custom":{"minecraft:interact_with_crafting_table":4,"minecraft:play_one_minute":112772,"minecraft:leave_game":3,"minecraft:time_since_death":12078,"minecraft:sleep_in_bed":3,"minecraft:time_since_rest":12114,"minecraft:sprint_one_cm":22750,"minecraft:damage_taken":1230,"minecraft:walk_one_cm":235845,"minecraft:drop":149,"minecraft:damage_dealt":178,"minecraft:swim_one_cm":2107,"minecraft:fly_one_cm":8843,"minecraft:open_chest":8,"minecraft:crouch_one_cm":17,"minecraft:deaths":3,"minecraft:sneak_time":26,"minecraft:walk_under_water_one_cm":2450,"minecraft:jump":435,"minecraft:walk_on_water_one_cm":5927,"minecraft:fall_one_cm":9297},"minecraft:picked_up":{"minecraft:birch_log":37,"iceandfire:copper_ore":4,"minecraft:water_bucket":2,"minecraft:wooden_pickaxe":1,"minecraft:birch_planks":39,"minecraft:gold_block":2,"minecraft:oak_log":62,"minecraft:lily_pad":8,"minecraft:yellow_bed":2,"minecraft:dirt":48,"minecraft:cooked_salmon":3,"minecraft:apple":2,"minecraft:wheat_seeds":3,"minecraft:gold_nugget":18,"minecraft:iron_ore":8,"minecraft:oak_planks":2,"minecraft:stick":2,"minecraft:oak_door":2,"minecraft:torch":7,"minecraft:dandelion":1,"iceandfire:silver_ore":8,"minecraft:bread":14,"minecraft:golden_apple":1,"minecraft:gold_ingot":1,"minecraft:oak_sapling":11,"iceandfire:silver_nugget":10,"minecraft:coal":96,"minecraft:rail":7,"minecraft:cobblestone":449},"minecraft:crafted":{"minecraft:wooden_sword":4,"minecraft:oak_door":3,"minecraft:oak_planks":184,"minecraft:crafting_table":1,"quark:vertical_birch_planks":2,"minecraft:wooden_pickaxe":14,"quark:birch_ladder":34,"minecraft:birch_planks":134,"minecraft:stick":178,"quark:oak_chest":4,"minecraft:stone_pickaxe":2,"minecraft:stone_sword":1,"tetra:modular_double":1},"minecraft:mined":{"minecraft:oak_door":2,"minecraft:dandelion":1,"minecraft:torch":1,"minecraft:grass_block":33,"minecraft:cobblestone":4,"minecraft:tall_grass":1,"minecraft:oak_planks":2,"minecraft:wall_torch":5,"minecraft:birch_planks":25,"iceandfire:copper_ore":4,"minecraft:birch_log":37,"minecraft:iron_ore":8,"minecraft:birch_leaves":15,"minecraft:yellow_bed":2,"minecraft:grass":9,"minecraft:oak_log":60,"minecraft:coal_ore":96,"minecraft:dirt":14,"minecraft:stone":417,"minecraft:oak_leaves":74},"minecraft:killed_by":{"minecraft:player":1}},"DataVersion":2586}