{"stats":{"minecraft:mined":{"minecraft:birch_planks":1,"minecraft:oak_door":1,"minecraft:birch_log":26,"minecraft:birch_leaves":4,"minecraft:yellow_bed":2,"minecraft:grass":8,"minecraft:coal_ore":28,"minecraft:grass_block":31,"minecraft:oak_log":9,"minecraft:dirt":7,"minecraft:tall_grass":1,"minecraft:stone":132,"minecraft:oak_leaves":8,"minecraft:wall_torch":4},"minecraft:crafted":{"minecraft:wooden_sword":3,"minecraft:oak_planks":34,"minecraft:crafting_table":1,"quark:vertical_birch_planks":2,"minecraft:stick":36,"minecraft:wooden_pickaxe":6,"minecraft:birch_planks":94},"minecraft:broken":{"minecraft:wooden_pickaxe":3},"minecraft:used":{"minecraft:birch_planks":26,"minecraft:bread":3,"minecraft:wooden_pickaxe":196,"minecraft:torch":1,"minecraft:dirt":38,"minecraft:cobblestone":4,"minecraft:yellow_bed":1},"minecraft:picked_up":{"minecraft:birch_log":26,"minecraft:oak_door":1,"minecraft:torch":4,"minecraft:wooden_pickaxe":1,"iceandfire:silver_ore":8,"minecraft:birch_planks":2,"minecraft:oak_log":9,"minecraft:yellow_bed":2,"minecraft:dirt":38,"minecraft:wheat_seeds":2,"minecraft:bread":7,"minecraft:oak_sapling":2,"minecraft:coal":28,"minecraft:cobblestone":131},"minecraft:dropped":{"iceandfire:silver_ore":8},"minecraft:custom":{"minecraft:time_since_rest":22412,"minecraft:sprint_one_cm":20083,"minecraft:damage_taken":180,"minecraft:walk_one_cm":102789,"minecraft:drop":1,"minecraft:swim_one_cm":2107,"minecraft:interact_with_crafting_table":1,"minecraft:fly_one_cm":7301,"minecraft:open_chest":1,"minecraft:play_one_minute":39349,"minecraft:walk_under_water_one_cm":145,"minecraft:jump":179,"minecraft:leave_game":2,"minecraft:time_since_death":39349,"minecraft:walk_on_water_one_cm":3523,"minecraft:sleep_in_bed":1,"minecraft:fall_one_cm":2455}},"DataVersion":2586}