{"stats":{"minecraft:used":{"minecraft:stone_sword":6,"minecraft:stone_pickaxe":2,"minecraft:stone_axe":1,"alexsmobs:animal_dictionary":1},"minecraft:dropped":{"mca:book_romance":1,"alexsmobs:animal_dictionary":1,"mca:book_rose_gold":1},"minecraft:picked_up":{"minecraft:stick":6,"minecraft:crafting_table":1,"mca:book_rose_gold":1,"minecraft:oak_log":4,"mca:book_romance":1,"alexsmobs:animal_dictionary":2,"minecraft:string":4,"minecraft:rotten_flesh":2,"minecraft:oak_planks":44,"minecraft:cobblestone":33,"minecraft:furnace":1},"minecraft:custom":{"minecraft:time_since_rest":3198,"minecraft:interact_with_furnace":1,"minecraft:sprint_one_cm":13728,"minecraft:damage_taken":350,"minecraft:walk_one_cm":18439,"minecraft:mob_kills":2,"minecraft:drop":3,"minecraft:damage_dealt":419,"minecraft:interact_with_crafting_table":4,"minecraft:fly_one_cm":29858,"minecraft:open_chest":7,"minecraft:crouch_one_cm":453,"minecraft:play_one_minute":10512,"minecraft:deaths":1,"minecraft:sneak_time":166,"minecraft:jump":195,"minecraft:leave_game":1,"minecraft:time_since_death":3160,"minecraft:fall_one_cm":6705},"minecraft:crafted":{"minecraft:oak_planks":16,"minecraft:stick":4,"minecraft:stone_pickaxe":1,"minecraft:stone_sword":1,"minecraft:stone_axe":1},"minecraft:mined":{"minecraft:furnace":1,"minecraft:crafting_table":1,"minecraft:oak_log":4,"minecraft:tall_grass":1,"minecraft:stone":1,"minecraft:oak_leaves":3},"minecraft:killed":{"minecraft:zombie":2}},"DataVersion":2586}