{"stats":{"minecraft:used":{"minecraft:torch":2,"minecraft:iron_pickaxe":33},"minecraft:picked_up":{"minecraft:brown_mushroom":2,"minecraft:torch":31,"iceandfire:silver_sword":1,"minecraft:dandelion":1,"iceandfire:armor_silver_metal_leggings":1,"minecraft:iron_pickaxe":1,"minecraft:baked_potato":47,"minecraft:coal":22,"minecraft:cobblestone":1},"minecraft:custom":{"minecraft:time_since_rest":12943,"minecraft:play_one_minute":12943,"minecraft:sprint_one_cm":545,"minecraft:damage_taken":199,"minecraft:walk_one_cm":69687,"minecraft:sneak_time":38,"minecraft:jump":85,"minecraft:walk_on_water_one_cm":465,"minecraft:time_since_death":12943,"minecraft:fall_one_cm":1651,"minecraft:fly_one_cm":158},"minecraft:mined":{"minecraft:coal_ore":26,"quark:stone_speleothem":1,"minecraft:brown_mushroom":2,"minecraft:iron_ore":1,"minecraft:stone":3,"minecraft:dandelion":1}},"DataVersion":2586}