{"stats":{"minecraft:mined":{"minecraft:diamond_ore":1,"minecraft:brown_mushroom":2,"minecraft:white_bed":4,"iceandfire:silver_ore":1,"tetra:block_geode":1,"minecraft:dandelion":1,"minecraft:clay":3,"minecraft:torch":2,"quark:stone_speleothem":1,"minecraft:lapis_ore":5,"minecraft:wall_torch":7,"minecraft:redstone_ore":4,"minecraft:iron_ore":91,"minecraft:andesite":318,"quark:smooth_basalt":9,"quark:deepslate":263,"minecraft:coal_ore":141,"minecraft:gravel":39,"minecraft:dirt":16,"minecraft:stone":275,"minecraft:gold_ore":24,"quark:root":1},"minecraft:picked_up":{"minecraft:golden_carrot":4,"minecraft:clay_ball":20,"minecraft:andesite":369,"minecraft:brown_mushroom":2,"minecraft:potion":1,"minecraft:flint":4,"minecraft:gunpowder":1,"iceandfire:armor_silver_metal_chestplate":1,"minecraft:lapis_lazuli":33,"minecraft:dirt":11,"minecraft:string":5,"tetra:scroll_rolled":1,"minecraft:bone":2,"minecraft:stone_pickaxe":4,"iceandfire:armor_silver_metal_leggings":1,"minecraft:cobweb":10,"minecraft:iron_ore":88,"minecraft:iron_pickaxe":5,"quark:root_item":2,"minecraft:glass_bottle":1,"minecraft:torch":74,"minecraft:dandelion":1,"minecraft:gravel":22,"minecraft:white_bed":4,"minecraft:gold_ore":21,"minecraft:redstone":59,"alexsmobs:animal_dictionary":2,"quark:cobbled_deepslate":341,"tetra:geode":1,"minecraft:arrow":8,"minecraft:rotten_flesh":4,"minecraft:diamond":1,"quark:smooth_basalt":15,"iceandfire:silver_sword":3,"minecraft:baked_potato":47,"minecraft:cobblestone":350,"minecraft:coal":195,"minecraft:bone_block":20},"minecraft:broken":{"minecraft:stone_pickaxe":1,"minecraft:iron_pickaxe":4},"minecraft:custom":{"minecraft:interact_with_furnace":6,"minecraft:mob_kills":20,"minecraft:open_barrel":4,"minecraft:play_one_minute":132576,"minecraft:leave_game":1,"minecraft:time_since_death":1402,"minecraft:sleep_in_bed":3,"minecraft:time_since_rest":1446,"minecraft:sprint_one_cm":130678,"minecraft:damage_taken":2498,"minecraft:walk_one_cm":553782,"minecraft:drop":40,"minecraft:damage_dealt":3918,"minecraft:damage_dealt_absorbed":45,"minecraft:fly_one_cm":13143,"minecraft:player_kills":1,"minecraft:deaths":3,"minecraft:sneak_time":335,"minecraft:walk_under_water_one_cm":2476,"minecraft:jump":837,"minecraft:walk_on_water_one_cm":10873,"minecraft:fall_one_cm":4343},"minecraft:killed":{"minecraft:cave_spider":1,"minecraft:spider":1,"minecraft:skeleton":1},"minecraft:used":{"iceandfire:silver_sword":73,"quark:cobbled_deepslate":4,"minecraft:stone_pickaxe":120,"minecraft:baked_potato":21,"minecraft:torch":42,"minecraft:dirt":7,"minecraft:white_bed":4,"minecraft:bread":1,"minecraft:iron_pickaxe":1047,"minecraft:potion":1,"minecraft:golden_carrot":4,"minecraft:cobblestone":7,"alexsmobs:animal_dictionary":1},"minecraft:killed_by":{"minecraft:skeleton":1,"minecraft:creeper":1,"minecraft:spider":1},"minecraft:dropped":{"minecraft:gravel":22,"minecraft:gold_ore":6,"tetra:scroll_rolled":1,"minecraft:baked_potato":19,"minecraft:glass_bottle":2,"minecraft:cobblestone":233,"minecraft:rotten_flesh":4,"minecraft:flint":2,"minecraft:cobweb":10,"quark:smooth_basalt":14,"minecraft:dirt":4,"iceandfire:silver_sword":1,"iceandfire:armor_silver_metal_leggings":1,"minecraft:andesite":307,"iceandfire:armor_silver_metal_chestplate":1,"quark:cobbled_deepslate":298,"minecraft:bone_block":20,"minecraft:iron_ore":19,"minecraft:arrow":2,"minecraft:dandelion":1,"minecraft:bone":1}},"DataVersion":2586}