{"stats":{"minecraft:used":{"iceandfire:silver_sword":9,"minecraft:stone_pickaxe":120,"minecraft:baked_potato":8,"minecraft:iron_pickaxe":658,"minecraft:torch":29,"minecraft:golden_carrot":1,"minecraft:cobblestone":7,"minecraft:potion":1,"alexsmobs:animal_dictionary":1,"minecraft:white_bed":3},"minecraft:broken":{"minecraft:stone_pickaxe":1,"minecraft:iron_pickaxe":2},"minecraft:dropped":{"minecraft:gravel":8,"minecraft:gold_ore":6,"minecraft:cobweb":10,"tetra:scroll_rolled":1,"minecraft:andesite":281,"minecraft:iron_ore":19,"minecraft:dandelion":1},"minecraft:picked_up":{"minecraft:golden_carrot":4,"minecraft:andesite":291,"minecraft:brown_mushroom":2,"minecraft:torch":40,"minecraft:dandelion":1,"minecraft:gravel":8,"minecraft:potion":1,"minecraft:white_bed":4,"minecraft:redstone":28,"minecraft:gold_ore":12,"iceandfire:armor_silver_metal_chestplate":1,"minecraft:lapis_lazuli":33,"minecraft:dirt":7,"minecraft:string":3,"quark:cobbled_deepslate":234,"tetra:scroll_rolled":1,"tetra:geode":1,"minecraft:diamond":1,"quark:smooth_basalt":5,"iceandfire:silver_sword":1,"minecraft:stone_pickaxe":1,"iceandfire:armor_silver_metal_leggings":1,"minecraft:iron_ore":29,"minecraft:cobweb":10,"minecraft:iron_pickaxe":3,"minecraft:baked_potato":47,"minecraft:coal":53,"minecraft:bone_block":10,"minecraft:cobblestone":49},"minecraft:custom":{"minecraft:time_since_rest":4084,"minecraft:interact_with_furnace":4,"minecraft:sprint_one_cm":6041,"minecraft:damage_taken":629,"minecraft:walk_one_cm":277858,"minecraft:drop":11,"minecraft:mob_kills":3,"minecraft:damage_dealt":407,"minecraft:fly_one_cm":2143,"minecraft:open_barrel":4,"minecraft:play_one_minute":84943,"minecraft:sneak_time":187,"minecraft:walk_under_water_one_cm":1687,"minecraft:jump":469,"minecraft:time_since_death":84943,"minecraft:walk_on_water_one_cm":9979,"minecraft:sleep_in_bed":2,"minecraft:fall_one_cm":3234},"minecraft:mined":{"minecraft:diamond_ore":1,"minecraft:redstone_ore":4,"minecraft:white_bed":4,"minecraft:brown_mushroom":2,"iceandfire:silver_ore":1,"tetra:block_geode":1,"minecraft:iron_ore":29,"minecraft:andesite":302,"minecraft:dandelion":1,"quark:smooth_basalt":6,"quark:deepslate":263,"minecraft:torch":1,"minecraft:coal_ore":61,"quark:stone_speleothem":1,"minecraft:gravel":12,"minecraft:dirt":11,"minecraft:lapis_ore":5,"minecraft:stone":71,"minecraft:gold_ore":15,"minecraft:wall_torch":6},"minecraft:killed":{"minecraft:cave_spider":1}},"DataVersion":2586}