{"stats":{"minecraft:used":{"quark:cobbled_deepslate":4,"iceandfire:silver_sword":26,"minecraft:stone_pickaxe":120,"minecraft:baked_potato":8,"minecraft:iron_pickaxe":914,"minecraft:dirt":7,"minecraft:torch":33,"minecraft:golden_carrot":1,"minecraft:cobblestone":7,"minecraft:potion":1,"alexsmobs:animal_dictionary":1,"minecraft:white_bed":3},"minecraft:broken":{"minecraft:stone_pickaxe":1,"minecraft:iron_pickaxe":3},"minecraft:dropped":{"minecraft:gravel":8,"minecraft:gold_ore":6,"minecraft:cobweb":10,"tetra:scroll_rolled":1,"minecraft:andesite":281,"quark:cobbled_deepslate":64,"minecraft:iron_ore":19,"minecraft:dandelion":1},"minecraft:picked_up":{"minecraft:clay_ball":20,"minecraft:golden_carrot":4,"minecraft:andesite":307,"minecraft:brown_mushroom":2,"minecraft:torch":41,"minecraft:dandelion":1,"minecraft:flint":2,"minecraft:gravel":22,"minecraft:potion":1,"minecraft:white_bed":4,"minecraft:redstone":28,"minecraft:gold_ore":19,"iceandfire:armor_silver_metal_chestplate":1,"minecraft:lapis_lazuli":33,"minecraft:dirt":11,"minecraft:string":3,"quark:cobbled_deepslate":235,"minecraft:rotten_flesh":2,"tetra:scroll_rolled":1,"tetra:geode":1,"minecraft:diamond":1,"quark:smooth_basalt":7,"iceandfire:silver_sword":1,"minecraft:stone_pickaxe":1,"iceandfire:armor_silver_metal_leggings":1,"minecraft:iron_ore":44,"minecraft:cobweb":10,"minecraft:iron_pickaxe":5,"minecraft:baked_potato":47,"minecraft:coal":101,"minecraft:bone_block":10,"minecraft:cobblestone":183},"minecraft:custom":{"minecraft:time_since_rest":16084,"minecraft:interact_with_furnace":4,"minecraft:sprint_one_cm":11191,"minecraft:damage_taken":730,"minecraft:walk_one_cm":332508,"minecraft:drop":12,"minecraft:mob_kills":7,"minecraft:damage_dealt":1470,"minecraft:damage_dealt_absorbed":45,"minecraft:fly_one_cm":3010,"minecraft:open_barrel":4,"minecraft:play_one_minute":96943,"minecraft:sneak_time":187,"minecraft:walk_under_water_one_cm":1687,"minecraft:jump":539,"minecraft:time_since_death":96943,"minecraft:walk_on_water_one_cm":9979,"minecraft:sleep_in_bed":2,"minecraft:fall_one_cm":3234},"minecraft:mined":{"minecraft:diamond_ore":1,"minecraft:redstone_ore":4,"minecraft:white_bed":4,"minecraft:brown_mushroom":2,"iceandfire:silver_ore":1,"tetra:block_geode":1,"minecraft:iron_ore":47,"minecraft:andesite":318,"minecraft:dandelion":1,"minecraft:clay":3,"quark:smooth_basalt":9,"quark:deepslate":263,"minecraft:torch":1,"minecraft:coal_ore":109,"quark:stone_speleothem":1,"minecraft:gravel":39,"minecraft:dirt":16,"minecraft:lapis_ore":5,"minecraft:stone":222,"minecraft:gold_ore":22,"minecraft:wall_torch":6},"minecraft:killed":{"minecraft:cave_spider":1}},"DataVersion":2586}