{"stats":{"minecraft:used":{"iceandfire:silver_sword":51,"quark:cobbled_deepslate":4,"minecraft:stone_pickaxe":120,"minecraft:baked_potato":13,"minecraft:torch":40,"minecraft:dirt":7,"minecraft:white_bed":3,"minecraft:bread":1,"minecraft:iron_pickaxe":998,"minecraft:potion":1,"minecraft:cobblestone":7,"minecraft:golden_carrot":2,"alexsmobs:animal_dictionary":1},"minecraft:broken":{"minecraft:stone_pickaxe":1,"minecraft:iron_pickaxe":3},"minecraft:dropped":{"minecraft:gravel":22,"minecraft:gold_ore":6,"tetra:scroll_rolled":1,"minecraft:glass_bottle":2,"minecraft:cobblestone":233,"minecraft:rotten_flesh":2,"minecraft:flint":2,"minecraft:cobweb":10,"quark:smooth_basalt":14,"minecraft:dirt":4,"minecraft:andesite":307,"quark:cobbled_deepslate":298,"minecraft:bone_block":20,"minecraft:iron_ore":19,"minecraft:arrow":2,"minecraft:dandelion":1,"minecraft:bone":1},"minecraft:picked_up":{"minecraft:brown_mushroom":2,"minecraft:golden_carrot":4,"minecraft:clay_ball":20,"minecraft:andesite":307,"minecraft:potion":1,"minecraft:flint":4,"iceandfire:armor_silver_metal_chestplate":1,"minecraft:lapis_lazuli":33,"minecraft:string":3,"minecraft:dirt":11,"minecraft:bone":1,"tetra:scroll_rolled":1,"iceandfire:armor_silver_metal_leggings":1,"minecraft:stone_pickaxe":1,"minecraft:cobweb":10,"minecraft:iron_ore":76,"quark:root_item":2,"minecraft:iron_pickaxe":5,"minecraft:glass_bottle":1,"minecraft:torch":42,"minecraft:dandelion":1,"minecraft:gravel":22,"minecraft:white_bed":4,"minecraft:gold_ore":21,"minecraft:redstone":59,"quark:cobbled_deepslate":341,"minecraft:arrow":6,"minecraft:rotten_flesh":3,"tetra:geode":1,"minecraft:diamond":1,"quark:smooth_basalt":15,"iceandfire:silver_sword":1,"minecraft:baked_potato":47,"minecraft:coal":103,"minecraft:bone_block":20,"minecraft:cobblestone":338},"minecraft:custom":{"minecraft:interact_with_furnace":4,"minecraft:mob_kills":16,"minecraft:open_barrel":4,"minecraft:play_one_minute":108943,"minecraft:time_since_death":108943,"minecraft:sleep_in_bed":3,"minecraft:time_since_rest":5293,"minecraft:sprint_one_cm":31226,"minecraft:damage_taken":1119,"minecraft:walk_one_cm":418905,"minecraft:drop":33,"minecraft:damage_dealt":2836,"minecraft:damage_dealt_absorbed":45,"minecraft:fly_one_cm":4529,"minecraft:walk_under_water_one_cm":2476,"minecraft:sneak_time":187,"minecraft:jump":629,"minecraft:walk_on_water_one_cm":10539,"minecraft:fall_one_cm":3821},"minecraft:mined":{"minecraft:diamond_ore":1,"minecraft:brown_mushroom":2,"minecraft:white_bed":4,"iceandfire:silver_ore":1,"tetra:block_geode":1,"minecraft:dandelion":1,"minecraft:clay":3,"minecraft:torch":1,"quark:stone_speleothem":1,"minecraft:lapis_ore":5,"minecraft:wall_torch":7,"minecraft:redstone_ore":4,"minecraft:iron_ore":78,"minecraft:andesite":318,"quark:smooth_basalt":9,"quark:deepslate":263,"minecraft:coal_ore":112,"minecraft:gravel":39,"minecraft:dirt":16,"minecraft:stone":269,"minecraft:gold_ore":24,"quark:root":1},"minecraft:killed":{"minecraft:cave_spider":1}},"DataVersion":2586}