{"stats":{"minecraft:used":{"iceandfire:silver_sword":9,"minecraft:stone_pickaxe":120,"minecraft:baked_potato":8,"minecraft:iron_pickaxe":575,"minecraft:torch":24,"minecraft:golden_carrot":1,"minecraft:cobblestone":7,"minecraft:potion":1,"alexsmobs:animal_dictionary":1,"minecraft:white_bed":1},"minecraft:broken":{"minecraft:stone_pickaxe":1,"minecraft:iron_pickaxe":2},"minecraft:dropped":{"minecraft:gravel":8,"minecraft:gold_ore":6,"minecraft:cobweb":10,"minecraft:andesite":281,"minecraft:iron_ore":19,"minecraft:dandelion":1},"minecraft:picked_up":{"minecraft:golden_carrot":4,"minecraft:andesite":282,"minecraft:brown_mushroom":2,"minecraft:torch":40,"minecraft:dandelion":1,"minecraft:gravel":8,"minecraft:potion":1,"minecraft:white_bed":2,"minecraft:redstone":19,"minecraft:gold_ore":12,"iceandfire:armor_silver_metal_chestplate":1,"minecraft:lapis_lazuli":33,"minecraft:dirt":7,"minecraft:string":3,"quark:cobbled_deepslate":232,"tetra:geode":1,"minecraft:diamond":1,"iceandfire:silver_sword":1,"minecraft:stone_pickaxe":1,"iceandfire:armor_silver_metal_leggings":1,"minecraft:iron_ore":29,"minecraft:cobweb":10,"minecraft:iron_pickaxe":3,"minecraft:baked_potato":47,"minecraft:coal":53,"minecraft:bone_block":10,"minecraft:cobblestone":17},"minecraft:custom":{"minecraft:time_since_rest":72943,"minecraft:interact_with_furnace":3,"minecraft:sprint_one_cm":6041,"minecraft:damage_taken":629,"minecraft:walk_one_cm":257557,"minecraft:drop":10,"minecraft:mob_kills":3,"minecraft:damage_dealt":407,"minecraft:fly_one_cm":2143,"minecraft:open_barrel":4,"minecraft:play_one_minute":72943,"minecraft:sneak_time":101,"minecraft:walk_under_water_one_cm":1687,"minecraft:jump":439,"minecraft:time_since_death":72943,"minecraft:walk_on_water_one_cm":9979,"minecraft:fall_one_cm":3234},"minecraft:mined":{"minecraft:diamond_ore":1,"minecraft:redstone_ore":4,"minecraft:white_bed":2,"minecraft:brown_mushroom":2,"iceandfire:silver_ore":1,"tetra:block_geode":1,"minecraft:iron_ore":29,"minecraft:andesite":289,"minecraft:dandelion":1,"quark:deepslate":258,"minecraft:torch":1,"minecraft:coal_ore":61,"quark:stone_speleothem":1,"minecraft:gravel":12,"minecraft:dirt":8,"minecraft:lapis_ore":5,"minecraft:stone":16,"minecraft:gold_ore":15,"minecraft:wall_torch":6},"minecraft:killed":{"minecraft:cave_spider":1}},"DataVersion":2586}