{"stats":{"minecraft:mined":{"minecraft:diamond_ore":1,"minecraft:white_bed":5,"minecraft:brown_mushroom":2,"iceandfire:silver_ore":1,"tetra:block_geode":1,"minecraft:dandelion":1,"minecraft:clay":3,"minecraft:torch":3,"minecraft:grass_block":1,"quark:stone_speleothem":1,"minecraft:rose_bush":7,"minecraft:lapis_ore":5,"minecraft:wall_torch":8,"minecraft:redstone_ore":4,"minecraft:birch_log":1,"minecraft:iron_ore":92,"minecraft:birch_leaves":5,"minecraft:andesite":349,"create:copper_ore":2,"quark:smooth_basalt":9,"minecraft:yellow_bed":1,"quark:deepslate":263,"minecraft:grass":5,"minecraft:oak_log":24,"minecraft:coal_ore":141,"minecraft:gravel":39,"minecraft:dirt":16,"minecraft:stone":314,"minecraft:netherrack":1,"minecraft:gold_ore":24,"minecraft:oak_leaves":10,"quark:root":1},"minecraft:killed":{"minecraft:cave_spider":1,"minecraft:salmon":1,"minecraft:spider":1,"minecraft:sheep":1,"minecraft:skeleton":1,"minecraft:zombie":1},"minecraft:broken":{"minecraft:stone_pickaxe":2,"minecraft:iron_pickaxe":5},"minecraft:used":{"iceandfire:silver_sword":73,"quark:cobbled_deepslate":4,"minecraft:stone_pickaxe":188,"minecraft:baked_potato":21,"minecraft:torch":44,"minecraft:golden_apple":1,"minecraft:dirt":7,"minecraft:white_bed":4,"minecraft:bread":1,"minecraft:iron_pickaxe":1073,"minecraft:potion":1,"minecraft:golden_carrot":4,"minecraft:cobblestone":7,"minecraft:oak_sapling":1,"minecraft:cooked_cod":3,"minecraft:andesite":8,"minecraft:yellow_bed":1,"alexsmobs:animal_dictionary":1},"minecraft:killed_by":{"alexsmobs:raccoon":1,"minecraft:skeleton":1,"minecraft:creeper":1,"minecraft:spider":1,"minecraft:zombie":1},"minecraft:picked_up":{"minecraft:birch_log":4,"minecraft:golden_carrot":4,"minecraft:clay_ball":20,"minecraft:andesite":392,"minecraft:brown_mushroom":4,"minecraft:potion":1,"minecraft:flint":4,"minecraft:oak_log":24,"minecraft:yellow_bed":1,"minecraft:gunpowder":1,"iceandfire:armor_silver_metal_chestplate":1,"minecraft:lapis_lazuli":33,"minecraft:string":7,"minecraft:dirt":12,"minecraft:bone":8,"tetra:scroll_rolled":1,"create:copper_ore":2,"minecraft:wheat_seeds":2,"minecraft:cobweb":10,"iceandfire:armor_silver_metal_leggings":1,"minecraft:stone_pickaxe":5,"minecraft:iron_ore":88,"minecraft:rose_bush":6,"quark:root_item":2,"minecraft:poppy":1,"minecraft:iron_pickaxe":6,"minecraft:glass_bottle":1,"minecraft:torch":79,"minecraft:dandelion":1,"minecraft:gravel":22,"sophisticatedbackpacks:iron_backpack":1,"minecraft:white_bed":5,"minecraft:redstone":59,"minecraft:gold_ore":21,"alexsmobs:animal_dictionary":2,"quark:cobbled_deepslate":341,"minecraft:arrow":8,"minecraft:rotten_flesh":6,"tetra:geode":1,"minecraft:diamond":2,"quark:smooth_basalt":16,"iceandfire:silver_sword":3,"minecraft:golden_apple":1,"minecraft:baked_potato":47,"minecraft:oak_sapling":3,"minecraft:mutton":1,"minecraft:bone_block":20,"minecraft:coal":195,"minecraft:white_wool":1,"minecraft:cobblestone":393},"minecraft:custom":{"minecraft:interact_with_furnace":9,"minecraft:mob_kills":23,"minecraft:open_barrel":4,"minecraft:play_one_minute":170859,"minecraft:leave_game":3,"minecraft:time_since_death":9540,"minecraft:sleep_in_bed":6,"minecraft:time_since_rest":2832,"minecraft:sprint_one_cm":197779,"minecraft:damage_taken":3183,"minecraft:walk_one_cm":781987,"minecraft:drop":40,"minecraft:damage_dealt":4279,"minecraft:damage_dealt_absorbed":45,"minecraft:fly_one_cm":22399,"minecraft:player_kills":1,"minecraft:open_chest":2,"minecraft:crouch_one_cm":252,"minecraft:walk_under_water_one_cm":10831,"minecraft:deaths":5,"minecraft:sneak_time":499,"minecraft:jump":1176,"minecraft:walk_on_water_one_cm":22093,"minecraft:fall_one_cm":6800},"minecraft:dropped":{"minecraft:gold_ore":6,"minecraft:gravel":22,"tetra:scroll_rolled":1,"minecraft:baked_potato":19,"minecraft:glass_bottle":2,"minecraft:cobblestone":233,"minecraft:rotten_flesh":4,"minecraft:flint":2,"minecraft:cobweb":10,"quark:smooth_basalt":14,"minecraft:dirt":4,"iceandfire:silver_sword":1,"iceandfire:armor_silver_metal_leggings":1,"minecraft:andesite":307,"iceandfire:armor_silver_metal_chestplate":1,"quark:cobbled_deepslate":298,"minecraft:bone_block":20,"minecraft:iron_ore":19,"minecraft:arrow":2,"minecraft:dandelion":1,"minecraft:bone":1},"minecraft:crafted":{"minecraft:cooked_cod":3}},"DataVersion":2586}