{"stats":{"minecraft:used":{"iceandfire:silver_sword":9,"minecraft:stone_pickaxe":6,"minecraft:baked_potato":8,"minecraft:iron_pickaxe":252,"minecraft:torch":13,"minecraft:golden_carrot":1,"minecraft:cobblestone":7,"minecraft:potion":1,"alexsmobs:animal_dictionary":1,"minecraft:white_bed":1},"minecraft:broken":{"minecraft:iron_pickaxe":1},"minecraft:dropped":{"minecraft:gold_ore":6,"minecraft:cobweb":10,"minecraft:iron_ore":19,"minecraft:dandelion":1},"minecraft:picked_up":{"minecraft:golden_carrot":4,"minecraft:brown_mushroom":2,"minecraft:torch":35,"minecraft:dandelion":1,"minecraft:potion":1,"minecraft:white_bed":1,"minecraft:gold_ore":6,"minecraft:dirt":7,"minecraft:string":3,"quark:cobbled_deepslate":140,"tetra:geode":1,"minecraft:diamond":1,"iceandfire:silver_sword":1,"minecraft:stone_pickaxe":1,"iceandfire:armor_silver_metal_leggings":1,"minecraft:iron_ore":19,"minecraft:cobweb":10,"minecraft:iron_pickaxe":1,"minecraft:baked_potato":47,"minecraft:coal":27,"minecraft:bone_block":10,"minecraft:cobblestone":14},"minecraft:custom":{"minecraft:time_since_rest":48943,"minecraft:interact_with_furnace":2,"minecraft:sprint_one_cm":6041,"minecraft:damage_taken":629,"minecraft:walk_one_cm":210226,"minecraft:drop":4,"minecraft:mob_kills":3,"minecraft:damage_dealt":407,"minecraft:fly_one_cm":2117,"minecraft:open_barrel":3,"minecraft:play_one_minute":48943,"minecraft:sneak_time":101,"minecraft:walk_under_water_one_cm":1687,"minecraft:jump":367,"minecraft:time_since_death":48943,"minecraft:walk_on_water_one_cm":9979,"minecraft:fall_one_cm":2965},"minecraft:mined":{"minecraft:diamond_ore":1,"minecraft:white_bed":1,"minecraft:brown_mushroom":2,"iceandfire:silver_ore":1,"tetra:block_geode":1,"minecraft:iron_ore":19,"minecraft:dandelion":1,"quark:deepslate":173,"minecraft:torch":1,"minecraft:coal_ore":34,"quark:stone_speleothem":1,"minecraft:dirt":8,"minecraft:stone":15,"minecraft:gold_ore":9,"minecraft:wall_torch":1},"minecraft:killed":{"minecraft:cave_spider":1}},"DataVersion":2586}