{"stats":{"minecraft:mined":{"minecraft:diamond_ore":1,"minecraft:white_bed":8,"minecraft:brown_mushroom":2,"iceandfire:silver_ore":1,"tetra:block_geode":1,"minecraft:dandelion":1,"minecraft:clay":3,"minecraft:torch":3,"minecraft:poppy":5,"minecraft:grass_block":1,"quark:stone_speleothem":1,"minecraft:rose_bush":7,"minecraft:lapis_ore":5,"minecraft:wall_torch":9,"minecraft:redstone_ore":4,"minecraft:birch_log":1,"minecraft:iron_ore":92,"minecraft:ice":1,"minecraft:birch_leaves":6,"minecraft:andesite":349,"create:copper_ore":2,"minecraft:white_wall_banner":1,"quark:smooth_basalt":9,"minecraft:yellow_bed":3,"quark:deepslate":263,"minecraft:potatoes":25,"minecraft:grass":5,"minecraft:oak_log":30,"minecraft:coal_ore":141,"minecraft:gravel":39,"minecraft:dirt":17,"minecraft:stone":314,"minecraft:fern":1,"minecraft:netherrack":1,"minecraft:gold_ore":24,"minecraft:oak_leaves":23,"quark:root":1},"minecraft:killed":{"minecraft:cave_spider":1,"minecraft:salmon":1,"minecraft:spider":1,"minecraft:sheep":1,"minecraft:skeleton":1,"minecraft:zombie":1},"minecraft:broken":{"minecraft:stone_pickaxe":2,"minecraft:iron_pickaxe":5},"minecraft:used":{"iceandfire:silver_sword":73,"quark:cobbled_deepslate":4,"minecraft:stone_pickaxe":188,"minecraft:baked_potato":25,"minecraft:torch":44,"minecraft:golden_apple":1,"minecraft:dirt":8,"minecraft:carrot":8,"minecraft:white_bed":8,"tombstone:ankh_of_pray":6,"minecraft:bread":1,"minecraft:iron_pickaxe":1073,"minecraft:stone_axe":3,"minecraft:potion":1,"minecraft:golden_carrot":4,"minecraft:cobblestone":9,"minecraft:oak_sapling":1,"minecraft:cooked_cod":3,"minecraft:andesite":8,"minecraft:yellow_bed":2,"alexsmobs:animal_dictionary":1,"minecraft:potato":26},"minecraft:killed_by":{"alexsmobs:raccoon":1,"minecraft:skeleton":1,"minecraft:creeper":1,"minecraft:spider":1,"minecraft:zombie":1},"minecraft:picked_up":{"minecraft:birch_log":4,"minecraft:golden_carrot":4,"minecraft:clay_ball":20,"minecraft:andesite":392,"minecraft:brown_mushroom":4,"minecraft:potato":94,"minecraft:potion":1,"minecraft:flint":4,"minecraft:oak_log":30,"minecraft:yellow_bed":3,"minecraft:gunpowder":1,"iceandfire:armor_silver_metal_chestplate":1,"minecraft:white_banner":2,"minecraft:lapis_lazuli":33,"minecraft:string":7,"minecraft:dirt":13,"minecraft:bone":8,"tetra:scroll_rolled":1,"create:copper_ore":2,"minecraft:apple":2,"minecraft:wheat_seeds":4,"minecraft:cobweb":10,"iceandfire:armor_silver_metal_leggings":1,"minecraft:stone_pickaxe":5,"minecraft:iron_ore":88,"minecraft:rose_bush":6,"quark:root_item":2,"minecraft:poppy":6,"minecraft:iron_pickaxe":6,"minecraft:glass_bottle":1,"tombstone:ankh_of_pray":1,"minecraft:torch":80,"minecraft:dandelion":1,"minecraft:gravel":22,"sophisticatedbackpacks:iron_backpack":1,"minecraft:white_bed":9,"minecraft:carrot":11,"minecraft:redstone":59,"minecraft:gold_ore":21,"alexsmobs:animal_dictionary":2,"quark:cobbled_deepslate":341,"minecraft:arrow":8,"minecraft:rotten_flesh":7,"tetra:geode":1,"minecraft:diamond":2,"quark:smooth_basalt":16,"iceandfire:silver_sword":3,"minecraft:golden_apple":1,"minecraft:baked_potato":47,"minecraft:oak_sapling":3,"minecraft:mutton":1,"minecraft:bone_block":20,"minecraft:coal":195,"minecraft:white_wool":1,"minecraft:cobblestone":393},"minecraft:custom":{"minecraft:interact_with_furnace":28,"minecraft:mob_kills":23,"minecraft:interact_with_crafting_table":3,"minecraft:open_barrel":4,"minecraft:play_one_minute":212859,"minecraft:leave_game":3,"minecraft:time_since_death":51540,"minecraft:sleep_in_bed":10,"minecraft:time_since_rest":7147,"minecraft:sprint_one_cm":244627,"minecraft:damage_taken":3523,"minecraft:walk_one_cm":931463,"minecraft:drop":41,"minecraft:damage_dealt":4279,"minecraft:damage_dealt_absorbed":45,"minecraft:fly_one_cm":32242,"minecraft:player_kills":1,"minecraft:open_chest":15,"minecraft:crouch_one_cm":253,"minecraft:walk_under_water_one_cm":11451,"minecraft:deaths":5,"minecraft:sneak_time":620,"minecraft:jump":1500,"minecraft:walk_on_water_one_cm":26192,"minecraft:fall_one_cm":11484},"minecraft:dropped":{"minecraft:gold_ore":6,"minecraft:gravel":22,"tetra:scroll_rolled":1,"minecraft:baked_potato":19,"minecraft:glass_bottle":2,"minecraft:cobblestone":233,"minecraft:rotten_flesh":4,"tombstone:ankh_of_pray":1,"minecraft:flint":2,"minecraft:cobweb":10,"quark:smooth_basalt":14,"minecraft:dirt":4,"iceandfire:silver_sword":1,"iceandfire:armor_silver_metal_leggings":1,"minecraft:andesite":307,"iceandfire:armor_silver_metal_chestplate":1,"quark:cobbled_deepslate":298,"minecraft:bone_block":20,"minecraft:iron_ore":19,"minecraft:arrow":2,"minecraft:dandelion":1,"minecraft:bone":1},"minecraft:crafted":{"minecraft:cooked_cod":3,"minecraft:oak_planks":76,"minecraft:baked_potato":42,"minecraft:stone_axe":1}},"DataVersion":2586}