{"stats":{"minecraft:killed":{"minecraft:cave_spider":1,"minecraft:spider":3,"tconstruct:sky_slime":8,"minecraft:skeleton":1,"minecraft:salmon":1,"minecraft:sheep":2,"minecraft:zombie":4,"alexsmobs:moose":1},"minecraft:custom":{"minecraft:mob_kills":37,"minecraft:interact_with_crafting_table":8,"minecraft:open_barrel":4,"minecraft:bell_ring":16,"minecraft:leave_game":4,"minecraft:time_since_death":28156,"minecraft:climb_one_cm":1778,"minecraft:sprint_one_cm":568404,"minecraft:walk_one_cm":1549100,"minecraft:drop":45,"minecraft:damage_dealt_absorbed":45,"minecraft:deaths":11,"minecraft:sneak_time":2669,"minecraft:walk_under_water_one_cm":64430,"minecraft:jump":2875,"minecraft:walk_on_water_one_cm":115238,"minecraft:interact_with_furnace":32,"minecraft:play_one_minute":350779,"minecraft:sleep_in_bed":16,"minecraft:time_since_rest":14308,"minecraft:damage_taken":7278,"minecraft:damage_dealt":5953,"minecraft:swim_one_cm":3084,"minecraft:fly_one_cm":84120,"minecraft:player_kills":1,"minecraft:open_chest":23,"minecraft:crouch_one_cm":9373,"tombstone:undead_killed":3,"minecraft:interact_with_smoker":1,"minecraft:fish_caught":6,"minecraft:fall_one_cm":36168},"minecraft:mined":{"minecraft:diamond_ore":1,"minecraft:white_bed":12,"iceandfire:silver_ore":1,"tetra:block_geode":1,"minecraft:grass_block":48,"minecraft:redstone_ore":4,"minecraft:iron_ore":92,"minecraft:andesite":349,"create:copper_ore":2,"quark:smooth_basalt":9,"minecraft:potatoes":25,"minecraft:vine":2,"minecraft:blue_orchid":3,"minecraft:stone":314,"minecraft:brown_mushroom":2,"minecraft:dandelion":1,"minecraft:clay":3,"minecraft:torch":6,"minecraft:poppy":9,"quark:stone_speleothem":1,"minecraft:rose_bush":7,"minecraft:tall_grass":1,"minecraft:lapis_ore":5,"minecraft:lily_pad":2,"minecraft:blue_bed":2,"minecraft:wall_torch":9,"minecraft:birch_log":1,"minecraft:ice":5,"minecraft:lilac":10,"minecraft:spruce_log":6,"minecraft:birch_leaves":6,"minecraft:white_wall_banner":1,"minecraft:yellow_bed":3,"quark:deepslate":263,"minecraft:grass":16,"minecraft:oak_log":30,"minecraft:coal_ore":141,"minecraft:gravel":39,"minecraft:sand":1,"minecraft:dirt":20,"minecraft:netherrack":1,"minecraft:gold_ore":24,"minecraft:oak_leaves":37,"minecraft:fern":1,"quark:root":1},"minecraft:broken":{"minecraft:stone_pickaxe":2,"minecraft:iron_pickaxe":5},"minecraft:killed_by":{"minecraft:wolf":1,"minecraft:creeper":1,"minecraft:spider":1,"iceandfire:stymphalian_bird":1,"alexsmobs:raccoon":1,"minecraft:skeleton":2,"minecraft:zombie":1,"alexsmobs:moose":1},"minecraft:picked_up":{"minecraft:clay_ball":20,"minecraft:brown_mushroom":4,"tconstruct:skyroot_log":13,"minecraft:potion":1,"iceandfire:armor_silver_metal_chestplate":1,"minecraft:string":16,"minecraft:pufferfish":2,"minecraft:blue_orchid":2,"minecraft:spruce_planks":3,"iceandfire:armor_silver_metal_leggings":1,"minecraft:rose_bush":6,"quark:root_item":2,"minecraft:poppy":11,"minecraft:iron_pickaxe":6,"minecraft:egg":1,"iceandfire:pixie_dust":1,"tombstone:ankh_of_pray":1,"minecraft:stick":3,"minecraft:torch":98,"tombstone:grave_dust":1,"minecraft:carrot":11,"minecraft:redstone":59,"minecraft:rotten_flesh":8,"tconstruct:sky_slime_ball":70,"minecraft:arrow":8,"quark:smooth_basalt":16,"minecraft:cod":3,"minecraft:mutton":5,"minecraft:snowball":16,"minecraft:bone_block":20,"minecraft:white_wool":3,"minecraft:cobblestone":399,"minecraft:birch_log":4,"minecraft:feather":2,"minecraft:cooked_beef":10,"minecraft:lilac":8,"minecraft:golden_carrot":4,"minecraft:salmon":1,"minecraft:andesite":392,"minecraft:potato":94,"minecraft:flint":4,"minecraft:oak_log":30,"minecraft:lily_pad":1,"minecraft:yellow_bed":3,"minecraft:gunpowder":1,"minecraft:blue_bed":2,"minecraft:lapis_lazuli":33,"minecraft:dirt":111,"minecraft:white_banner":2,"tetra:scroll_rolled":1,"minecraft:bone":9,"create:copper_ore":2,"minecraft:apple":2,"minecraft:wheat_seeds":4,"minecraft:cobweb":10,"minecraft:stone_pickaxe":6,"minecraft:iron_ore":88,"minecraft:glass_bottle":1,"tconstruct:sky_slime_sapling":1,"minecraft:iron_sword":1,"minecraft:dandelion":1,"minecraft:gravel":22,"iceandfire:stymphalian_bird_feather":5,"sophisticatedbackpacks:iron_backpack":1,"minecraft:white_bed":14,"minecraft:spruce_log":7,"minecraft:gold_ore":21,"minecraft:spider_eye":2,"alexsmobs:animal_dictionary":2,"quark:cobbled_deepslate":341,"tetra:geode":1,"minecraft:diamond":2,"iceandfire:silver_sword":3,"minecraft:golden_apple":1,"alexsmobs:moose_ribs":1,"alexsmobs:maggot":2,"minecraft:baked_potato":47,"minecraft:oak_sapling":3,"minecraft:coal":195},"minecraft:used":{"quark:cobbled_deepslate":4,"iceandfire:silver_sword":73,"minecraft:iron_sword":72,"minecraft:torch":47,"minecraft:dirt":8,"minecraft:carrot":9,"tombstone:ankh_of_pray":6,"minecraft:golden_carrot":4,"minecraft:oak_sapling":1,"minecraft:cooked_cod":3,"tombstone:gift":1,"minecraft:cooked_beef":10,"minecraft:potato":26,"minecraft:cooked_mutton":1,"minecraft:stone_pickaxe":188,"minecraft:baked_potato":41,"minecraft:blue_bed":1,"minecraft:golden_apple":1,"minecraft:white_bed":12,"minecraft:spruce_log":3,"minecraft:apple":1,"minecraft:bread":1,"minecraft:iron_pickaxe":1073,"minecraft:stone_axe":15,"minecraft:fishing_rod":14,"minecraft:cobblestone":69,"minecraft:potion":1,"minecraft:andesite":8,"minecraft:yellow_bed":3,"alexsmobs:animal_dictionary":1},"minecraft:crafted":{"minecraft:oak_planks":76,"minecraft:fishing_rod":1,"minecraft:cooked_mutton":1,"minecraft:cooked_cod":3,"minecraft:baked_potato":42,"alexsmobs:cooked_moose_ribs":1,"minecraft:stone_axe":1,"minecraft:stick":4},"minecraft:dropped":{"minecraft:gold_ore":6,"tetra:scroll_rolled":1,"minecraft:baked_potato":19,"minecraft:glass_bottle":2,"minecraft:cobblestone":233,"minecraft:apple":1,"tombstone:ankh_of_pray":1,"minecraft:flint":2,"minecraft:cobweb":10,"minecraft:dirt":45,"iceandfire:silver_sword":1,"iceandfire:armor_silver_metal_leggings":1,"iceandfire:armor_silver_metal_chestplate":1,"quark:cobbled_deepslate":298,"minecraft:bone_block":20,"minecraft:dandelion":1,"minecraft:bone":1,"minecraft:gravel":22,"minecraft:rotten_flesh":5,"minecraft:poppy":1,"quark:smooth_basalt":14,"minecraft:andesite":307,"minecraft:iron_ore":19,"minecraft:arrow":2}},"DataVersion":2586}