{"stats":{"minecraft:used":{"iceandfire:silver_sword":9,"minecraft:baked_potato":8,"minecraft:iron_pickaxe":155,"minecraft:torch":8,"minecraft:golden_carrot":1,"minecraft:cobblestone":7,"minecraft:potion":1},"minecraft:dropped":{"minecraft:cobweb":10},"minecraft:picked_up":{"minecraft:golden_carrot":4,"minecraft:brown_mushroom":2,"minecraft:torch":33,"minecraft:dandelion":1,"minecraft:potion":1,"minecraft:white_bed":1,"minecraft:gold_ore":6,"minecraft:dirt":7,"minecraft:string":3,"quark:cobbled_deepslate":47,"minecraft:diamond":1,"iceandfire:silver_sword":1,"iceandfire:armor_silver_metal_leggings":1,"minecraft:iron_ore":19,"minecraft:cobweb":10,"minecraft:iron_pickaxe":1,"minecraft:baked_potato":47,"minecraft:coal":27,"minecraft:bone_block":10,"minecraft:cobblestone":11},"minecraft:custom":{"minecraft:time_since_rest":36943,"minecraft:sprint_one_cm":6041,"minecraft:damage_taken":629,"minecraft:walk_one_cm":174189,"minecraft:drop":1,"minecraft:mob_kills":3,"minecraft:damage_dealt":397,"minecraft:fly_one_cm":2086,"minecraft:play_one_minute":36943,"minecraft:sneak_time":101,"minecraft:walk_under_water_one_cm":1687,"minecraft:jump":334,"minecraft:time_since_death":36943,"minecraft:walk_on_water_one_cm":9979,"minecraft:fall_one_cm":2965},"minecraft:mined":{"minecraft:diamond_ore":1,"minecraft:white_bed":1,"minecraft:brown_mushroom":2,"iceandfire:silver_ore":1,"minecraft:iron_ore":19,"minecraft:dandelion":1,"quark:deepslate":73,"minecraft:coal_ore":34,"quark:stone_speleothem":1,"minecraft:dirt":8,"minecraft:stone":13,"minecraft:gold_ore":9},"minecraft:killed":{"minecraft:cave_spider":1}},"DataVersion":2586}