{"stats":{"minecraft:used":{"iceandfire:silver_sword":8,"minecraft:baked_potato":7,"minecraft:iron_pickaxe":70,"minecraft:torch":4,"minecraft:golden_carrot":1,"minecraft:cobblestone":3,"minecraft:potion":1},"minecraft:picked_up":{"minecraft:golden_carrot":4,"minecraft:brown_mushroom":2,"minecraft:torch":32,"minecraft:dandelion":1,"minecraft:potion":1,"minecraft:gold_ore":1,"minecraft:string":2,"quark:cobbled_deepslate":6,"minecraft:diamond":1,"iceandfire:silver_sword":1,"iceandfire:armor_silver_metal_leggings":1,"minecraft:iron_ore":19,"minecraft:cobweb":10,"minecraft:iron_pickaxe":1,"minecraft:baked_potato":47,"minecraft:coal":25,"minecraft:bone_block":10,"minecraft:cobblestone":9},"minecraft:custom":{"minecraft:time_since_rest":24943,"minecraft:sprint_one_cm":2610,"minecraft:damage_taken":629,"minecraft:walk_one_cm":134265,"minecraft:mob_kills":3,"minecraft:damage_dealt":397,"minecraft:fly_one_cm":1427,"minecraft:play_one_minute":24943,"minecraft:sneak_time":61,"minecraft:walk_under_water_one_cm":1687,"minecraft:jump":209,"minecraft:time_since_death":24943,"minecraft:walk_on_water_one_cm":6502,"minecraft:fall_one_cm":1860},"minecraft:mined":{"minecraft:diamond_ore":1,"minecraft:brown_mushroom":2,"iceandfire:silver_ore":1,"minecraft:iron_ore":19,"minecraft:dandelion":1,"quark:deepslate":3,"minecraft:coal_ore":30,"quark:stone_speleothem":1,"minecraft:stone":9,"minecraft:gold_ore":4},"minecraft:killed":{"minecraft:cave_spider":1}},"DataVersion":2586}