{"stats":{"minecraft:custom":{"minecraft:mob_kills":40,"minecraft:interact_with_crafting_table":14,"minecraft:open_barrel":4,"minecraft:bell_ring":16,"minecraft:leave_game":5,"minecraft:time_since_death":18429,"minecraft:climb_one_cm":1778,"minecraft:sprint_one_cm":833944,"minecraft:walk_one_cm":1746915,"minecraft:drop":64,"minecraft:damage_dealt_absorbed":45,"minecraft:sneak_time":2669,"minecraft:deaths":13,"minecraft:walk_under_water_one_cm":68577,"minecraft:jump":3246,"minecraft:walk_on_water_one_cm":115767,"minecraft:interact_with_furnace":34,"minecraft:play_one_minute":417426,"minecraft:sleep_in_bed":18,"minecraft:time_since_rest":7930,"minecraft:damage_taken":8268,"minecraft:damage_dealt":6424,"minecraft:player_kills":1,"minecraft:swim_one_cm":3084,"minecraft:fly_one_cm":108863,"minecraft:open_chest":23,"minecraft:crouch_one_cm":9373,"tombstone:undead_killed":4,"minecraft:fish_caught":10,"minecraft:interact_with_smoker":1,"minecraft:fall_one_cm":38417},"minecraft:crafted":{"minecraft:oak_planks":76,"minecraft:stone_shovel":3,"minecraft:fishing_rod":1,"minecraft:furnace":1,"minecraft:cooked_mutton":1,"minecraft:cooked_cod":3,"minecraft:wooden_shovel":1,"minecraft:crafting_table":1,"minecraft:spruce_planks":16,"minecraft:baked_potato":42,"alexsmobs:cooked_moose_ribs":1,"minecraft:stone_axe":6,"minecraft:stick":20},"minecraft:killed":{"minecraft:cave_spider":1,"minecraft:spider":3,"tconstruct:sky_slime":8,"minecraft:skeleton":1,"minecraft:salmon":3,"minecraft:sheep":2,"minecraft:zombie":5,"alexsmobs:moose":1},"minecraft:killed_by":{"minecraft:wolf":1,"minecraft:stray":1,"minecraft:creeper":2,"minecraft:spider":1,"iceandfire:stymphalian_bird":1,"alexsmobs:raccoon":1,"minecraft:skeleton":2,"minecraft:zombie":1,"alexsmobs:moose":1},"minecraft:dropped":{"minecraft:gold_ore":6,"tetra:scroll_rolled":1,"minecraft:baked_potato":19,"minecraft:glass_bottle":2,"minecraft:feather":2,"minecraft:cobblestone":233,"minecraft:apple":1,"tombstone:ankh_of_pray":1,"minecraft:pufferfish":6,"minecraft:flint":2,"minecraft:cobweb":10,"minecraft:dirt":45,"iceandfire:silver_sword":1,"iceandfire:armor_silver_metal_leggings":1,"minecraft:mutton":2,"minecraft:snowball":5,"iceandfire:armor_silver_metal_chestplate":1,"quark:cobbled_deepslate":298,"tombstone:grave_dust":2,"minecraft:bone_block":20,"tconstruct:sky_slime_ball":6,"quark:blue_blossom_sapling":4,"minecraft:bone":1,"minecraft:dandelion":1,"minecraft:gravel":22,"tconstruct:skyroot_log":13,"tconstruct:sky_slime_sapling":1,"minecraft:stone_shovel":3,"minecraft:rotten_flesh":8,"evilcraft:flesh_humanoid":1,"minecraft:poppy":7,"quark:smooth_basalt":14,"minecraft:andesite":307,"minecraft:iron_ore":19,"minecraft:arrow":2},"minecraft:used":{"quark:cobbled_deepslate":4,"iceandfire:silver_sword":73,"minecraft:iron_sword":91,"minecraft:wooden_shovel":20,"minecraft:stone_hoe":10,"minecraft:torch":60,"minecraft:dirt":147,"minecraft:carrot":9,"tombstone:ankh_of_pray":6,"minecraft:golden_carrot":4,"minecraft:furnace":1,"minecraft:oak_sapling":1,"minecraft:cooked_cod":3,"tombstone:gift":1,"minecraft:cooked_beef":10,"minecraft:potato":36,"minecraft:cooked_mutton":1,"minecraft:stone_pickaxe":260,"minecraft:baked_potato":41,"minecraft:blue_bed":3,"minecraft:golden_apple":1,"minecraft:crafting_table":1,"minecraft:white_bed":12,"minecraft:spruce_log":10,"minecraft:apple":1,"minecraft:bread":9,"minecraft:iron_pickaxe":1073,"minecraft:spruce_sapling":4,"minecraft:stone_axe":147,"minecraft:fishing_rod":20,"minecraft:cobblestone":69,"minecraft:potion":1,"minecraft:andesite":8,"minecraft:yellow_bed":3,"alexsmobs:animal_dictionary":1},"minecraft:broken":{"minecraft:stone_pickaxe":2,"minecraft:stone_axe":1,"minecraft:iron_pickaxe":5},"minecraft:mined":{"minecraft:diamond_ore":1,"minecraft:white_bed":12,"iceandfire:silver_ore":1,"tetra:block_geode":1,"quark:blue_blossom_leaves":25,"minecraft:grass_block":81,"minecraft:spruce_leaves":86,"minecraft:redstone_ore":4,"minecraft:iron_ore":100,"minecraft:andesite":349,"create:copper_ore":2,"quark:smooth_basalt":9,"minecraft:potatoes":27,"minecraft:vine":2,"minecraft:lantern":2,"minecraft:blue_orchid":3,"minecraft:stone":348,"minecraft:brown_mushroom":2,"minecraft:dandelion":1,"minecraft:clay":3,"minecraft:torch":9,"minecraft:poppy":9,"quark:stone_speleothem":1,"minecraft:rose_bush":7,"minecraft:tall_grass":1,"minecraft:lapis_ore":5,"minecraft:lily_pad":2,"minecraft:wall_torch":11,"minecraft:blue_bed":3,"minecraft:birch_log":1,"minecraft:ice":8,"minecraft:lilac":10,"minecraft:spruce_log":55,"minecraft:birch_leaves":6,"minecraft:white_wall_banner":1,"minecraft:yellow_bed":3,"quark:deepslate":263,"minecraft:grass":19,"minecraft:oak_log":30,"minecraft:coal_ore":156,"minecraft:gravel":39,"minecraft:sand":1,"minecraft:dirt":39,"minecraft:netherrack":1,"minecraft:gold_ore":24,"minecraft:oak_leaves":37,"minecraft:fern":1,"quark:root":1},"minecraft:picked_up":{"minecraft:clay_ball":20,"minecraft:brown_mushroom":4,"tconstruct:skyroot_log":13,"minecraft:potion":1,"iceandfire:armor_silver_metal_chestplate":1,"minecraft:string":16,"minecraft:pufferfish":6,"minecraft:blue_orchid":2,"minecraft:spruce_planks":3,"iceandfire:armor_silver_metal_leggings":1,"minecraft:rose_bush":6,"quark:root_item":2,"minecraft:poppy":13,"minecraft:iron_pickaxe":6,"minecraft:egg":1,"iceandfire:pixie_dust":1,"tombstone:ankh_of_pray":1,"minecraft:stick":3,"minecraft:torch":103,"tombstone:grave_dust":2,"minecraft:carrot":11,"minecraft:redstone":59,"minecraft:rotten_flesh":11,"tconstruct:sky_slime_ball":70,"minecraft:stone_shovel":2,"minecraft:arrow":8,"minecraft:honey_bottle":4,"quark:smooth_basalt":16,"minecraft:bone_block":20,"minecraft:mutton":5,"minecraft:cod":5,"minecraft:snowball":23,"minecraft:white_wool":3,"minecraft:cobblestone":438,"minecraft:birch_log":4,"minecraft:cooked_beef":10,"minecraft:feather":2,"minecraft:lilac":8,"minecraft:golden_carrot":4,"minecraft:andesite":392,"minecraft:salmon":4,"minecraft:potato":104,"minecraft:flint":4,"minecraft:lily_pad":1,"minecraft:oak_log":40,"evilcraft:flesh_humanoid":1,"minecraft:yellow_bed":3,"minecraft:gunpowder":1,"minecraft:lantern":2,"minecraft:lapis_lazuli":33,"minecraft:dirt":237,"minecraft:blue_bed":3,"minecraft:white_banner":2,"minecraft:bone":11,"tetra:scroll_rolled":1,"create:copper_ore":2,"minecraft:apple":2,"minecraft:wheat_seeds":4,"minecraft:cobweb":10,"minecraft:stone_pickaxe":6,"minecraft:iron_ore":96,"minecraft:glass_bottle":1,"minecraft:stone_hoe":1,"tconstruct:sky_slime_sapling":1,"minecraft:iron_sword":1,"quark:blue_blossom_sapling":4,"minecraft:dandelion":1,"minecraft:gravel":22,"iceandfire:stymphalian_bird_feather":5,"minecraft:spruce_sapling":4,"sophisticatedbackpacks:iron_backpack":1,"minecraft:white_bed":14,"minecraft:spruce_log":131,"minecraft:gold_ore":21,"minecraft:spider_eye":2,"alexsmobs:animal_dictionary":2,"quark:cobbled_deepslate":341,"tetra:geode":1,"minecraft:diamond":2,"iceandfire:silver_sword":3,"minecraft:golden_apple":1,"alexsmobs:moose_ribs":1,"minecraft:bread":12,"alexsmobs:maggot":3,"minecraft:baked_potato":47,"minecraft:oak_sapling":3,"minecraft:coal":211}},"DataVersion":2586}